Fecha,Cierre,Apertura,Máximo,Mínimo,Vol.,% var.
02/01/2017,20.7352,20.6895,20.7703,20.68,,0.04%
03/01/2017,21.111,20.732,21.1286,20.6715,,1.81%
04/01/2017,21.4347,21.1156,21.6287,21.0176,,1.53%
05/01/2017,21.4247,21.4394,21.6166,21.1166,,-0.05%
06/01/2017,21.229,21.4298,21.479,21.205,,-0.91%
09/01/2017,21.379,21.2525,21.3904,21.1997,,0.71%
10/01/2017,21.804,21.3796,21.8428,21.361,,1.99%
11/01/2017,21.861,21.801,22.034,21.7352,,0.26%
12/01/2017,21.785,21.861,21.9672,21.565,,-0.35%
13/01/2017,21.475,21.79,21.8432,21.475,,-1.42%
16/01/2017,21.735,21.5235,21.745,21.504,,1.21%
17/01/2017,21.504,21.736,21.736,21.468,,-1.06%
18/01/2017,21.929,21.5134,22.0153,21.489,,1.98%
19/01/2017,21.955,21.926,22.0351,21.8405,,0.12%
20/01/2017,21.5945,21.96,22.001,21.524,,-1.64%
23/01/2017,21.393,21.565,21.57,21.2584,,-0.93%
24/01/2017,21.528,21.39,21.5331,21.2415,,0.63%
25/01/2017,21.0765,21.5325,21.5968,20.929,,-2.10%
26/01/2017,21.216,21.0735,21.3595,20.8585,,0.66%
27/01/2017,20.895,21.221,21.3892,20.85,,-1.51%
30/01/2017,20.789,20.8706,20.9285,20.6495,,-0.51%
31/01/2017,20.834,20.777,20.902,20.654,,0.22%
01/02/2017,20.7085,20.834,20.845,20.6535,,-0.60%
02/02/2017,20.5479,20.7075,20.7437,20.425,,-0.78%
03/02/2017,20.3878,20.5553,20.6092,20.2838,,-0.78%
06/02/2017,20.5682,20.3772,20.6573,20.3102,,0.88%
07/02/2017,20.6225,20.5682,20.7475,20.537,,0.26%
08/02/2017,20.481,20.6228,20.6848,20.434,,-0.69%
09/02/2017,20.3495,20.481,20.5397,20.297,,-0.64%
10/02/2017,20.347,20.355,20.42,20.244,,-0.01%
13/02/2017,20.282,20.3295,20.3893,20.2545,,-0.32%
14/02/2017,20.26,20.2758,20.4232,20.196,,-0.11%
15/02/2017,20.278,20.257,20.4531,20.227,,0.09%
16/02/2017,20.3835,20.275,20.4167,20.242,,0.52%
17/02/2017,20.4378,20.3912,20.557,20.3788,,0.27%
20/02/2017,20.3735,20.423,20.5485,20.3652,,-0.31%
21/02/2017,20.0113,20.3735,20.495,19.9245,,-1.78%
22/02/2017,19.9073,20.008,20.1027,19.836,,-0.52%
23/02/2017,19.6667,19.9043,19.9848,19.6015,,-1.21%
24/02/2017,19.9103,19.6665,19.9189,19.6288,,1.24%
27/02/2017,19.906,19.874,19.989,19.737,,-0.02%
28/02/2017,20.1075,19.9085,20.1141,19.8555,,1.01%
01/03/2017,19.811,20.1075,20.166,19.717,,-1.47%
02/03/2017,20.002,19.808,20.032,19.777,,0.96%
03/03/2017,19.51,20.007,20.1066,19.5025,,-2.46%
06/03/2017,19.615,19.5109,19.644,19.431,,0.54%
07/03/2017,19.495,19.6208,19.66,19.427,,-0.61%
08/03/2017,19.6715,19.495,19.7042,19.44,,0.91%
09/03/2017,19.8385,19.6735,19.9047,19.6525,,0.85%
10/03/2017,19.6062,19.8397,19.8773,19.5682,,-1.17%
13/03/2017,19.6191,19.5922,19.6553,19.5363,,0.07%
14/03/2017,19.665,19.6211,19.7281,19.5695,,0.23%
15/03/2017,19.216,19.666,19.6871,19.1905,,-2.28%
16/03/2017,19.266,19.2177,19.2662,19.047,,0.26%
17/03/2017,19.0765,19.2665,19.2797,19.0635,,-0.98%
20/03/2017,19.0131,19.0814,19.1896,18.973,,-0.33%
21/03/2017,19.1019,19.0055,19.165,18.9367,,0.47%
22/03/2017,19.0255,19.096,19.2397,19.014,,-0.40%
23/03/2017,18.93,19.0227,19.1197,18.916,,-0.50%
24/03/2017,18.7575,18.9295,18.9805,18.747,,-0.91%
27/03/2017,18.8905,18.7613,18.9775,18.753,,0.71%
28/03/2017,19.0252,18.8926,19.0399,18.8112,,0.71%
29/03/2017,18.7092,19.0313,19.0385,18.685,,-1.66%
30/03/2017,18.719,18.7086,18.7722,18.6085,,0.05%
31/03/2017,18.725,18.7205,18.865,18.662,,0.03%
03/04/2017,18.664,18.7155,18.7791,18.664,,-0.33%
04/04/2017,18.822,18.677,18.9504,18.669,,0.85%
05/04/2017,18.82,18.824,18.85,18.6815,,-0.01%
06/04/2017,18.7405,18.8225,18.9027,18.713,,-0.42%
07/04/2017,18.6688,18.7455,18.8852,18.619,,-0.38%
10/04/2017,18.6787,18.652,18.7497,18.61,,0.05%
11/04/2017,18.7813,18.678,18.8222,18.672,,0.55%
12/04/2017,18.5513,18.7783,18.8112,18.5409,,-1.22%
13/04/2017,18.5885,18.5561,18.6505,18.5138,,0.20%
14/04/2017,18.5038,18.5895,18.606,18.4991,,-0.46%
17/04/2017,18.498,18.5223,18.6028,18.4903,,-0.03%
18/04/2017,18.594,18.492,18.6187,18.452,,0.52%
19/04/2017,18.849,18.591,18.902,18.578,,1.37%
20/04/2017,18.788,18.844,18.8866,18.7494,,-0.32%
21/04/2017,18.8125,18.794,18.9,18.785,,0.13%
24/04/2017,18.733,18.6145,18.738,18.4652,,-0.42%
25/04/2017,18.8555,18.7345,19.0025,18.7034,,0.65%
26/04/2017,19.183,18.8545,19.2962,18.8537,,1.74%
27/04/2017,19.0257,19.187,19.2351,18.9011,,-0.82%
28/04/2017,18.82,19.0195,19.1042,18.813,,-1.08%
01/05/2017,18.7386,18.8125,18.851,18.7205,,-0.43%
02/05/2017,18.7593,18.735,18.8483,18.6743,,0.11%
03/05/2017,18.866,18.7685,18.874,18.75,,0.57%
04/05/2017,19.053,18.8545,19.092,18.825,,0.99%
05/05/2017,18.9995,19.058,19.1342,18.958,,-0.28%
08/05/2017,19.211,18.9835,19.217,18.9119,,1.11%
09/05/2017,19.1715,19.211,19.2662,19.101,,-0.21%
10/05/2017,19.014,19.171,19.185,18.935,,-0.82%
11/05/2017,18.832,19.016,19.041,18.83,,-0.96%
12/05/2017,18.8157,18.8331,18.9072,18.7352,,-0.09%
15/05/2017,18.6995,18.769,18.8007,18.6265,,-0.62%
16/05/2017,18.6425,18.697,18.7584,18.585,,-0.30%
17/05/2017,18.7812,18.6411,18.7877,18.6029,,0.74%
18/05/2017,18.829,18.7852,19.217,18.761,,0.25%
19/05/2017,18.7052,18.829,18.8692,18.6235,,-0.66%
22/05/2017,18.6646,18.7075,18.7482,18.555,,-0.22%
23/05/2017,18.634,18.6725,18.7251,18.576,,-0.16%
24/05/2017,18.443,18.6365,18.7027,18.443,,-1.03%
25/05/2017,18.506,18.445,18.552,18.3372,,0.34%
26/05/2017,18.518,18.5085,18.5342,18.4205,,0.06%
29/05/2017,18.4772,18.5012,18.5515,18.446,,-0.22%
30/05/2017,18.7083,18.4742,18.7083,18.4635,,1.25%
31/05/2017,18.6212,18.6908,18.7726,18.606,,-0.47%
01/06/2017,18.6392,18.6212,18.6693,18.55,,0.10%
02/06/2017,18.685,18.638,18.744,18.5535,,0.25%
05/06/2017,18.343,18.7142,18.823,18.325,,-1.83%
06/06/2017,18.236,18.348,18.4405,18.212,,-0.58%
07/06/2017,18.2267,18.2383,18.293,18.1615,,-0.05%
08/06/2017,18.201,18.2237,18.259,18.159,,-0.14%
09/06/2017,18.172,18.206,18.249,18.118,,-0.16%
12/06/2017,18.1362,18.144,18.212,18.107,,-0.20%
13/06/2017,18.055,18.1353,18.1609,18.0243,,-0.45%
14/06/2017,17.9205,18.0432,18.0595,17.892,,-0.74%
15/06/2017,18.048,17.913,18.162,17.9095,,0.71%
16/06/2017,17.9115,18.0413,18.0915,17.8985,,-0.76%
19/06/2017,17.9575,17.9177,18.0077,17.9025,,0.26%
20/06/2017,18.1895,17.9597,18.2415,17.9295,,1.29%
21/06/2017,18.2342,18.1872,18.3152,18.1194,,0.25%
22/06/2017,18.1115,18.243,18.2515,18.0335,,-0.67%
23/06/2017,17.9996,18.1128,18.1602,17.936,,-0.62%
26/06/2017,17.872,18.0053,18.019,17.8115,,-0.71%
27/06/2017,17.991,17.8612,18.0715,17.8175,,0.67%
28/06/2017,17.8525,17.99,18.0796,17.8415,,-0.77%
29/06/2017,18.045,17.8455,18.135,17.799,,1.08%
30/06/2017,18.1278,18.0453,18.165,17.9645,,0.46%
03/07/2017,18.2205,18.1371,18.255,18.0855,,0.51%
04/07/2017,18.202,18.219,18.2642,18.163,,-0.10%
05/07/2017,18.3025,18.1982,18.4078,18.155,,0.55%
06/07/2017,18.2605,18.3108,18.4097,18.2215,,-0.23%
07/07/2017,18.0875,18.2669,18.3148,18.0685,,-0.95%
10/07/2017,17.9556,18.0866,18.0908,17.8855,,-0.73%
11/07/2017,17.907,17.9567,18.0545,17.8945,,-0.27%
12/07/2017,17.7803,17.9013,17.951,17.7235,,-0.71%
13/07/2017,17.678,17.7737,17.8134,17.6655,,-0.58%
14/07/2017,17.563,17.679,17.721,17.531,,-0.65%
17/07/2017,17.587,17.5515,17.624,17.5282,,0.14%
18/07/2017,17.4794,17.5896,17.595,17.466,,-0.61%
19/07/2017,17.5475,17.482,17.5715,17.447,,0.39%
20/07/2017,17.486,17.5615,17.65,17.483,,-0.35%
21/07/2017,17.6597,17.4872,17.6648,17.4758,,0.99%
24/07/2017,17.73,17.6138,17.768,17.597,,0.40%
25/07/2017,17.777,17.7267,17.8097,17.671,,0.27%
26/07/2017,17.59,17.7711,17.8076,17.58,,-1.05%
27/07/2017,17.7251,17.5931,17.7709,17.5549,,0.77%
28/07/2017,17.7805,17.7298,17.8475,17.6735,,0.31%
31/07/2017,17.8013,17.7777,17.9017,17.7405,,0.12%
01/08/2017,17.89,17.796,17.8933,17.736,,0.50%
02/08/2017,17.8178,17.8919,17.9718,17.7848,,-0.40%
03/08/2017,17.845,17.816,17.905,17.787,,0.15%
04/08/2017,17.8875,17.8335,17.9085,17.7925,,0.24%
07/08/2017,17.9271,17.8783,17.9966,17.8526,,0.22%
08/08/2017,17.8526,17.9299,17.9681,17.8451,,-0.42%
09/08/2017,17.9485,17.8561,18.065,17.843,,0.54%
10/08/2017,17.9727,17.9495,17.9909,17.8675,,0.13%
11/08/2017,17.8275,17.9727,18.0402,17.778,,-0.81%
14/08/2017,17.772,17.8135,17.8304,17.7325,,-0.31%
15/08/2017,17.8065,17.7718,17.8913,17.7575,,0.19%
16/08/2017,17.6646,17.8108,17.8305,17.6595,,-0.80%
17/08/2017,17.8475,17.6645,17.8827,17.637,,1.04%
18/08/2017,17.7107,17.8517,17.9475,17.692,,-0.77%
21/08/2017,17.6552,17.7108,17.7604,17.6342,,-0.31%
22/08/2017,17.6602,17.6515,17.6955,17.6092,,0.03%
23/08/2017,17.687,17.657,17.8472,17.648,,0.15%
24/08/2017,17.728,17.69,17.755,17.6357,,0.23%
25/08/2017,17.616,17.728,17.734,17.5735,,-0.63%
28/08/2017,17.875,17.6095,17.878,17.6095,,1.47%
29/08/2017,17.84,17.8772,17.9792,17.8155,,-0.20%
30/08/2017,17.715,17.8417,17.903,17.7127,,-0.70%
31/08/2017,17.887,17.7152,17.898,17.71,,0.97%
01/09/2017,17.816,17.8938,17.914,17.76,,-0.40%
04/09/2017,17.873,17.859,17.9286,17.8027,,0.32%
05/09/2017,17.9015,17.8752,17.97,17.7694,,0.16%
06/09/2017,17.7915,17.901,17.9132,17.7545,,-0.61%
07/09/2017,17.6725,17.7905,17.7976,17.642,,-0.67%
08/09/2017,17.71,17.675,17.7675,17.6148,,0.21%
11/09/2017,17.6675,17.7107,17.735,17.628,,-0.24%
12/09/2017,17.73,17.665,17.822,17.653,,0.35%
13/09/2017,17.7493,17.7273,17.815,17.698,,0.11%
14/09/2017,17.6661,17.749,17.835,17.6337,,-0.47%
15/09/2017,17.662,17.665,17.7342,17.6296,,-0.02%
18/09/2017,17.7645,17.6672,17.7855,17.605,,0.58%
19/09/2017,17.7995,17.7627,17.8485,17.726,,0.20%
20/09/2017,17.7673,17.8011,17.8666,17.6395,,-0.18%
21/09/2017,17.882,17.7645,17.913,17.7585,,0.65%
22/09/2017,17.748,17.883,17.9015,17.7258,,-0.75%
25/09/2017,17.9295,17.7478,17.9425,17.7415,,1.02%
26/09/2017,17.9565,17.932,18.0575,17.877,,0.15%
27/09/2017,18.209,17.9565,18.2184,17.93,,1.41%
28/09/2017,18.1625,18.209,18.302,18.1355,,-0.26%
29/09/2017,18.255,18.163,18.2652,18.0865,,0.51%
02/10/2017,18.2314,18.2495,18.3354,18.1997,,-0.13%
03/10/2017,18.217,18.2284,18.3141,18.18,,-0.08%
04/10/2017,18.268,18.222,18.281,18.143,,0.28%
05/10/2017,18.4945,18.2705,18.5057,18.2255,,1.24%
06/10/2017,18.5533,18.497,18.6375,18.479,,0.32%
09/10/2017,18.673,18.5401,18.7035,18.5401,,0.65%
10/10/2017,18.8295,18.672,18.8585,18.5545,,0.84%
11/10/2017,18.7095,18.835,18.8455,18.6855,,-0.64%
12/10/2017,18.9075,18.7095,18.919,18.6825,,1.06%
13/10/2017,18.915,18.908,18.9952,18.8235,,0.04%
16/10/2017,19.035,18.9623,19.141,18.9089,,0.63%
17/10/2017,18.771,19.032,19.152,18.7235,,-1.39%
18/10/2017,18.862,18.771,18.935,18.7259,,0.48%
19/10/2017,18.808,18.859,18.892,18.7627,,-0.29%
20/10/2017,18.99,18.808,19.06,18.7835,,0.97%
23/10/2017,19.079,18.98,19.115,18.9535,,0.47%
24/10/2017,19.2325,19.0795,19.2585,19.0435,,0.80%
25/10/2017,19.0405,19.2332,19.2851,18.9815,,-1.00%
26/10/2017,19.206,19.0375,19.222,18.9475,,0.87%
27/10/2017,19.135,19.2056,19.331,19.0985,,-0.37%
30/10/2017,19.2405,19.1515,19.3137,19.0727,,0.55%
31/10/2017,19.149,19.2352,19.2827,19.101,,-0.48%
01/11/2017,19.068,19.1519,19.2165,19.048,,-0.42%
02/11/2017,18.9849,19.073,19.1247,18.9072,,-0.44%
03/11/2017,19.2025,18.9913,19.2485,18.9684,,1.15%
06/11/2017,19.0235,19.19,19.2026,19.0115,,-0.93%
07/11/2017,19.1553,19.0235,19.215,19.0155,,0.69%
08/11/2017,19.09,19.152,19.163,19.045,,-0.34%
09/11/2017,19.0395,19.0827,19.1692,19.0225,,-0.26%
10/11/2017,19.1125,19.0425,19.1305,19.0015,,0.38%
13/11/2017,19.1295,19.1003,19.1991,19.0827,,0.09%
14/11/2017,19.1675,19.1295,19.195,19.0472,,0.20%
15/11/2017,19.251,19.168,19.3785,19.0995,,0.44%
16/11/2017,19.059,19.2514,19.2577,19.0385,,-1.00%
17/11/2017,18.914,19.057,19.1141,18.8985,,-0.76%
20/11/2017,18.9937,18.9175,19.062,18.915,,0.42%
21/11/2017,18.7745,18.9935,19.0444,18.7655,,-1.15%
22/11/2017,18.642,18.7745,18.8447,18.603,,-0.71%
23/11/2017,18.6215,18.6435,18.6937,18.5955,,-0.11%
24/11/2017,18.575,18.632,18.6958,18.524,,-0.25%
27/11/2017,18.5848,18.559,18.614,18.4462,,0.05%
28/11/2017,18.543,18.583,18.667,18.5205,,-0.22%
29/11/2017,18.567,18.54,18.5747,18.485,,0.13%
30/11/2017,18.631,18.564,18.679,18.513,,0.34%
01/12/2017,18.6259,18.628,18.722,18.5475,,-0.03%
04/12/2017,18.6115,18.6175,18.7145,18.6035,,-0.08%
05/12/2017,18.7575,18.6115,18.7889,18.576,,0.78%
06/12/2017,18.866,18.761,18.9284,18.734,,0.58%
07/12/2017,18.972,18.871,19.0003,18.859,,0.56%
08/12/2017,18.933,18.978,18.9803,18.871,,-0.21%
11/12/2017,19.058,18.922,19.064,18.9047,,0.66%
12/12/2017,19.173,19.06,19.2263,19.044,,0.60%
13/12/2017,19.0128,19.1698,19.2248,18.9838,,-0.84%
14/12/2017,19.1535,19.016,19.155,18.977,,0.74%
15/12/2017,19.1315,19.154,19.187,19.074,,-0.11%
18/12/2017,19.082,19.116,19.1322,19.001,,-0.26%
19/12/2017,19.2085,19.082,19.2454,19.036,,0.66%
20/12/2017,19.2065,19.2115,19.2805,19.1755,,-0.01%
21/12/2017,19.466,19.2065,19.5392,19.206,,1.35%
22/12/2017,19.732,19.466,19.7642,19.442,,1.37%
25/12/2017,19.7401,19.731,19.7557,19.7201,,0.04%
26/12/2017,19.867,19.7343,19.914,19.549,,0.64%
27/12/2017,19.69,19.8695,19.8934,19.678,,-0.89%
28/12/2017,19.7163,19.69,19.799,19.6245,,0.13%
29/12/2017,19.653,19.72,19.737,19.5482,,-0.32%
01/01/2018,19.66,19.6575,19.66,19.6575,,0.04%
02/01/2018,19.5413,19.6711,19.6735,19.4426,,-0.60%
03/01/2018,19.351,19.537,19.5442,19.329,,-0.97%
04/01/2018,19.2895,19.347,19.3867,19.2035,,-0.32%
05/01/2018,19.181,19.2935,19.4095,19.169,,-0.56%
08/01/2018,19.225,19.1765,19.2996,19.1685,,0.23%
09/01/2018,19.2387,19.2235,19.3555,19.1845,,0.07%
10/01/2018,19.291,19.2403,19.4183,19.163,,0.27%
11/01/2018,19.2705,19.2913,19.4367,19.219,,-0.11%
12/01/2018,19.04,19.2785,19.2862,18.986,,-1.20%
15/01/2018,18.8555,19.047,19.0597,18.7895,,-0.97%
16/01/2018,18.7705,18.8515,18.8952,18.743,,-0.45%
17/01/2018,18.7147,18.7699,18.838,18.5768,,-0.30%
18/01/2018,18.607,18.712,18.8107,18.593,,-0.58%
19/01/2018,18.613,18.609,18.666,18.546,,0.03%
22/01/2018,18.6842,18.6147,18.7781,18.5705,,0.38%
23/01/2018,18.694,18.68,18.883,18.672,,0.05%
24/01/2018,18.5005,18.6966,18.7177,18.453,,-1.04%
25/01/2018,18.605,18.5066,18.655,18.3035,,0.56%
26/01/2018,18.4844,18.608,18.632,18.4135,,-0.65%
29/01/2018,18.612,18.4822,18.6864,18.4822,,0.69%
30/01/2018,18.771,18.6025,18.7892,18.5644,,0.85%
31/01/2018,18.6,18.7695,18.7825,18.5675,,-0.91%
01/02/2018,18.349,18.5955,18.6715,18.308,,-1.35%
02/02/2018,18.5983,18.3538,18.6612,18.3227,,1.36%
05/02/2018,18.779,18.604,18.859,18.524,,0.97%
06/02/2018,18.604,18.776,18.9362,18.5787,,-0.93%
07/02/2018,18.798,18.6,18.808,18.5888,,1.04%
08/02/2018,18.896,18.7955,18.9746,18.6875,,0.52%
09/02/2018,18.71,18.901,18.97,18.676,,-0.98%
12/02/2018,18.603,18.7115,18.7308,18.5895,,-0.57%
13/02/2018,18.6635,18.6132,18.6838,18.5685,,0.33%
14/02/2018,18.587,18.6593,18.7847,18.532,,-0.41%
15/02/2018,18.5012,18.5858,18.5858,18.4282,,-0.46%
16/02/2018,18.519,18.51,18.56,18.4546,,0.10%
19/02/2018,18.534,18.484,18.576,18.4583,,0.08%
20/02/2018,18.7072,18.5287,18.7417,18.5147,,0.93%
21/02/2018,18.8375,18.7054,18.8727,18.6095,,0.70%
22/02/2018,18.611,18.83,18.8592,18.599,,-1.20%
23/02/2018,18.535,18.612,18.6515,18.5218,,-0.41%
26/02/2018,18.6785,18.5502,18.7222,18.5456,,0.77%
27/02/2018,18.8447,18.6697,18.8505,18.6309,,0.89%
28/02/2018,18.8403,18.8498,18.8897,18.7727,,-0.02%
01/03/2018,18.8403,18.8402,18.9527,18.7842,,0.00%
02/03/2018,18.8,18.8412,18.985,18.7925,,-0.21%
05/03/2018,18.7962,18.81,18.9634,18.775,,-0.02%
06/03/2018,18.7387,18.7962,18.8002,18.652,,-0.31%
07/03/2018,18.714,18.7397,18.9039,18.6965,,-0.13%
08/03/2018,18.6605,18.7095,18.7779,18.6115,,-0.29%
09/03/2018,18.608,18.6637,18.6814,18.507,,-0.28%
12/03/2018,18.5877,18.6136,18.685,18.5568,,-0.11%
13/03/2018,18.6062,18.5828,18.6517,18.498,,0.10%
14/03/2018,18.5845,18.6105,18.6305,18.5185,,-0.12%
15/03/2018,18.6999,18.5905,18.7599,18.5699,,0.62%
16/03/2018,18.6898,18.6992,18.773,18.6743,,-0.05%
19/03/2018,18.7069,18.6968,18.8499,18.6857,,0.09%
20/03/2018,18.7673,18.702,18.8107,18.6937,,0.32%
21/03/2018,18.4365,18.769,18.7718,18.4015,,-1.76%
22/03/2018,18.6344,18.439,18.6717,18.4205,,1.07%
23/03/2018,18.5187,18.6352,18.6922,18.487,,-0.62%
26/03/2018,18.3371,18.5205,18.5407,18.2617,,-0.98%
27/03/2018,18.381,18.347,18.4402,18.307,,0.24%
28/03/2018,18.304,18.373,18.4464,18.199,,-0.42%
29/03/2018,18.187,18.304,18.3367,18.166,,-0.64%
30/03/2018,18.16,18.193,18.2,18.157,,-0.15%
02/04/2018,18.2475,18.1847,18.3645,18.1688,,0.48%
03/04/2018,18.2181,18.243,18.2565,18.1525,,-0.16%
04/04/2018,18.1,18.2195,18.3437,18.0617,,-0.65%
05/04/2018,18.2057,18.1,18.2318,18.0484,,0.58%
06/04/2018,18.2892,18.2152,18.359,18.188,,0.46%
09/04/2018,18.3514,18.2775,18.3955,18.206,,0.34%
10/04/2018,18.2665,18.3545,18.364,18.2415,,-0.46%
11/04/2018,18.2294,18.2633,18.3357,18.1685,,-0.20%
12/04/2018,18.189,18.2235,18.269,18.0895,,-0.22%
13/04/2018,18.0452,18.1945,18.208,18.044,,-0.79%
16/04/2018,18.012,18.0481,18.1028,17.994,,-0.18%
17/04/2018,18.048,18.007,18.075,17.9385,,0.20%
18/04/2018,18.09,18.052,18.1213,17.9705,,0.23%
19/04/2018,18.4435,18.0895,18.4905,18.0551,,1.95%
20/04/2018,18.528,18.4553,18.6955,18.4357,,0.46%
23/04/2018,18.944,18.5255,18.9565,18.52,,2.25%
24/04/2018,18.8195,18.9415,18.9615,18.7575,,-0.66%
25/04/2018,18.8475,18.8205,19.1446,18.79,,0.15%
26/04/2018,18.815,18.8492,18.9344,18.7445,,-0.17%
27/04/2018,18.618,18.8195,18.8732,18.6035,,-1.05%
30/04/2018,18.7135,18.6086,18.8158,18.6086,,0.51%
01/05/2018,18.9505,18.7155,19.0006,18.6915,,1.27%
02/05/2018,19.089,18.9528,19.213,18.857,,0.73%
03/05/2018,19.0625,19.0875,19.2125,18.9495,,-0.14%
04/05/2018,19.2683,19.0818,19.3023,19.0423,,1.08%
07/05/2018,19.466,19.2575,19.545,19.2167,,1.03%
08/05/2018,19.5695,19.4672,19.6555,19.4085,,0.53%
09/05/2018,19.5715,19.5795,19.7165,19.4995,,0.01%
10/05/2018,19.2255,19.568,19.6002,19.2005,,-1.77%
11/05/2018,19.425,19.2265,19.4535,19.1525,,1.04%
14/05/2018,19.6241,19.4198,19.63,19.295,,1.02%
15/05/2018,19.695,19.6248,19.9337,19.5744,,0.36%
16/05/2018,19.5723,19.6947,19.8052,19.5458,,-0.62%
17/05/2018,19.7368,19.573,19.7547,19.503,,0.84%
18/05/2018,19.954,19.734,19.9912,19.657,,1.10%
21/05/2018,19.819,19.9147,20.0376,19.807,,-0.68%
22/05/2018,19.7735,19.8218,19.848,19.7018,,-0.23%
23/05/2018,19.6325,19.7725,19.9925,19.5132,,-0.71%
24/05/2018,19.573,19.6375,19.7927,19.526,,-0.30%
25/05/2018,19.5477,19.5804,19.6804,19.4813,,-0.13%
28/05/2018,19.5955,19.5537,19.6405,19.4543,,0.24%
29/05/2018,19.836,19.593,19.8854,19.572,,1.23%
30/05/2018,19.727,19.836,19.8585,19.641,,-0.55%
31/05/2018,19.9135,19.73,20.0555,19.7175,,0.95%
01/06/2018,19.9427,19.91,20.0029,19.8008,,0.15%
04/06/2018,20.077,19.9288,20.0976,19.8583,,0.67%
05/06/2018,20.4605,20.0815,20.4809,20.0623,,1.91%
06/06/2018,20.3012,20.4605,20.4911,20.221,,-0.78%
07/06/2018,20.4785,20.3012,20.6553,20.285,,0.87%
08/06/2018,20.2895,20.4755,20.6597,20.2467,,-0.92%
11/06/2018,20.593,20.3225,20.604,20.2728,,1.50%
12/06/2018,20.7161,20.5935,20.7265,20.5125,,0.60%
13/06/2018,20.6425,20.7146,20.8253,20.5705,,-0.36%
14/06/2018,20.8905,20.6447,20.8976,20.5045,,1.20%
15/06/2018,20.6295,20.8905,20.965,20.612,,-1.25%
18/06/2018,20.509,20.626,20.7892,20.5017,,-0.58%
19/06/2018,20.5255,20.5065,20.7085,20.4795,,0.08%
20/06/2018,20.36,20.532,20.586,20.332,,-0.81%
21/06/2018,20.326,20.355,20.5338,20.2015,,-0.17%
22/06/2018,20.015,20.3388,20.3515,20.0096,,-1.53%
25/06/2018,19.8947,20.0096,20.153,19.8855,,-0.60%
26/06/2018,19.9533,19.8948,20.0024,19.7822,,0.29%
27/06/2018,20.1794,19.949,20.2412,19.888,,1.13%
28/06/2018,19.718,20.1784,20.2112,19.6935,,-2.29%
29/06/2018,19.9175,19.7215,19.9832,19.5665,,1.01%
02/07/2018,19.953,19.8025,20.204,19.629,,0.18%
03/07/2018,19.4565,19.9555,20.0515,19.4435,,-2.49%
04/07/2018,19.4495,19.456,19.5648,19.3715,,-0.04%
05/07/2018,19.215,19.447,19.4687,19.1778,,-1.21%
06/07/2018,19.0278,19.2222,19.2903,19.0033,,-0.97%
09/07/2018,19.22,19.009,19.2422,18.9616,,1.01%
10/07/2018,18.9271,19.2172,19.287,18.8798,,-1.52%
11/07/2018,19.083,18.9313,19.095,18.901,,0.82%
12/07/2018,18.9795,19.0815,19.1055,18.7545,,-0.54%
13/07/2018,18.891,18.9845,19.106,18.856,,-0.47%
16/07/2018,18.82,18.898,18.9228,18.7831,,-0.38%
17/07/2018,18.8893,18.819,18.9578,18.809,,0.37%
18/07/2018,18.8965,18.8893,19.045,18.806,,0.04%
19/07/2018,19.0535,18.8945,19.1725,18.8595,,0.83%
20/07/2018,19.024,19.0535,19.155,18.906,,-0.15%
23/07/2018,18.882,19.02,19.171,18.8565,,-0.75%
24/07/2018,18.8805,18.8885,18.9662,18.8007,,-0.01%
25/07/2018,18.6676,18.878,18.9042,18.666,,-1.13%
26/07/2018,18.6259,18.6713,18.7492,18.5813,,-0.22%
27/07/2018,18.6283,18.631,18.6773,18.5325,,0.01%
30/07/2018,18.5395,18.63,18.657,18.4935,,-0.48%
31/07/2018,18.648,18.543,18.6763,18.512,,0.59%
01/08/2018,18.588,18.65,18.7164,18.56,,-0.32%
02/08/2018,18.6505,18.5905,18.7661,18.579,,0.34%
03/08/2018,18.554,18.648,18.7137,18.538,,-0.52%
06/08/2018,18.519,18.5577,18.6282,18.465,,-0.19%
07/08/2018,18.4571,18.5162,18.5542,18.4013,,-0.33%
08/08/2018,18.4711,18.4572,18.575,18.411,,0.08%
09/08/2018,18.6928,18.4773,18.7172,18.4453,,1.20%
10/08/2018,18.91,18.6985,19.08,18.684,,1.16%
13/08/2018,19.12,18.9138,19.3829,18.9138,,1.11%
14/08/2018,18.8826,19.125,19.1615,18.8517,,-1.24%
15/08/2018,19.1373,18.8819,19.3027,18.8507,,1.35%
16/08/2018,18.982,19.1257,19.2045,18.9245,,-0.81%
17/08/2018,18.8935,18.9785,19.1597,18.8355,,-0.47%
20/08/2018,19.005,18.8775,19.095,18.8547,,0.59%
21/08/2018,18.9562,19.0042,19.021,18.804,,-0.26%
22/08/2018,18.7287,18.9532,18.9847,18.7165,,-1.20%
23/08/2018,19.009,18.7258,19.0154,18.7188,,1.50%
24/08/2018,18.9115,19.0227,19.0685,18.7914,,-0.51%
27/08/2018,18.7655,18.8942,18.8954,18.606,,-0.77%
28/08/2018,19.0822,18.7703,19.1262,18.7123,,1.69%
29/08/2018,18.9554,19.0825,19.1981,18.9435,,-0.66%
30/08/2018,19.1135,18.955,19.205,18.932,,0.83%
31/08/2018,19.085,19.109,19.288,19.051,,-0.15%
03/09/2018,19.1927,19.073,19.2859,19.073,,0.56%
04/09/2018,19.4035,19.1927,19.4844,19.1827,,1.10%
05/09/2018,19.3427,19.4043,19.6909,19.3158,,-0.31%
06/09/2018,19.183,19.3413,19.4485,19.151,,-0.83%
07/09/2018,19.324,19.1852,19.36,19.125,,0.74%
10/09/2018,19.2715,19.3257,19.3672,19.2417,,-0.27%
11/09/2018,19.187,19.2715,19.383,19.1497,,-0.44%
12/09/2018,19.0177,19.1867,19.2299,19.0138,,-0.88%
13/09/2018,18.8335,19.0178,19.0612,18.789,,-0.97%
14/09/2018,18.8882,18.8364,18.927,18.77,,0.29%
17/09/2018,18.838,18.8807,18.9178,18.8015,,-0.27%
18/09/2018,18.8068,18.8335,18.9223,18.7262,,-0.17%
19/09/2018,18.776,18.8083,18.8247,18.679,,-0.16%
20/09/2018,18.828,18.783,18.8982,18.71,,0.28%
21/09/2018,18.8315,18.8302,18.9424,18.7835,,0.02%
24/09/2018,18.9685,18.8167,18.9714,18.8025,,0.73%
25/09/2018,18.992,18.9685,19.0423,18.9236,,0.12%
26/09/2018,18.843,19.0005,19.066,18.8065,,-0.78%
27/09/2018,18.7843,18.8295,18.955,18.7465,,-0.31%
28/09/2018,18.7184,18.7894,18.8832,18.6744,,-0.35%
01/10/2018,18.7076,18.7184,18.7437,18.4989,,-0.06%
02/10/2018,18.794,18.718,18.8724,18.7024,,0.46%
03/10/2018,19.044,18.7938,19.0502,18.7128,,1.33%
04/10/2018,19.097,19.042,19.2027,18.9562,,0.28%
05/10/2018,18.818,19.1,19.1332,18.8,,-1.46%
08/10/2018,18.938,18.8267,18.9606,18.7516,,0.64%
09/10/2018,19.038,18.9425,19.0781,18.9142,,0.53%
10/10/2018,19.1556,19.04,19.1786,18.9718,,0.62%
11/10/2018,18.979,19.158,19.1896,18.9401,,-0.92%
12/10/2018,18.8515,18.9793,18.99,18.839,,-0.67%
15/10/2018,18.833,18.865,18.8996,18.7701,,-0.10%
16/10/2018,18.7515,18.8425,18.9076,18.7293,,-0.43%
17/10/2018,18.87,18.752,18.8925,18.7455,,0.63%
18/10/2018,19.149,18.8783,19.1903,18.8484,,1.48%
19/10/2018,19.257,19.1545,19.345,19.0793,,0.56%
22/10/2018,19.408,19.2735,19.4118,19.2216,,0.78%
23/10/2018,19.297,19.4085,19.4711,19.2572,,-0.57%
24/10/2018,19.6001,19.2975,19.6355,19.2554,,1.57%
25/10/2018,19.489,19.609,19.6211,19.3915,,-0.57%
26/10/2018,19.354,19.4905,19.6188,19.3282,,-0.69%
29/10/2018,20.055,19.3615,20.116,19.3403,,3.62%
30/10/2018,20.0419,20.0625,20.1476,19.9007,,-0.07%
31/10/2018,20.3295,20.049,20.475,20.0133,,1.43%
01/11/2018,20.148,20.3398,20.3475,20.0325,,-0.89%
02/11/2018,20.024,20.1565,20.2269,19.8953,,-0.62%
05/11/2018,19.8825,20.0335,20.1433,19.8657,,-0.71%
06/11/2018,19.724,19.888,19.9708,19.716,,-0.80%
07/11/2018,19.864,19.7255,19.906,19.5739,,0.71%
08/11/2018,20.1958,19.8715,20.2254,19.8155,,1.67%
09/11/2018,20.1384,20.1965,20.4155,20.0518,,-0.28%
12/11/2018,20.361,20.1404,20.379,20.086,,1.11%
13/11/2018,20.486,20.363,20.585,20.2656,,0.61%
14/11/2018,20.405,20.4955,20.545,20.3083,,-0.40%
15/11/2018,20.224,20.41,20.4484,20.1921,,-0.89%
16/11/2018,20.141,20.232,20.3861,20.0683,,-0.41%
19/11/2018,20.371,20.1737,20.4255,20.1103,,1.14%
20/11/2018,20.349,20.372,20.5402,20.288,,-0.11%
21/11/2018,20.241,20.359,20.41,20.1645,,-0.53%
22/11/2018,20.3075,20.246,20.354,20.1953,,0.33%
23/11/2018,20.4,20.313,20.4465,20.2895,,0.46%
26/11/2018,20.616,20.41,20.6375,20.3386,,1.06%
27/11/2018,20.47,20.6172,20.6371,20.4023,,-0.71%
28/11/2018,20.2913,20.4783,20.5215,20.1998,,-0.87%
29/11/2018,20.23,20.2965,20.3498,20.1537,,-0.30%
30/11/2018,20.396,20.24,20.4566,20.2201,,0.82%
03/12/2018,20.353,20.4053,20.4095,20.0067,,-0.21%
04/12/2018,20.507,20.3625,20.554,20.2319,,0.76%
05/12/2018,20.495,20.5135,20.6204,20.4128,,-0.06%
06/12/2018,20.347,20.502,20.6623,20.3081,,-0.72%
07/12/2018,20.2575,20.352,20.425,20.1677,,-0.44%
10/12/2018,20.3,20.265,20.4014,20.1989,,0.21%
11/12/2018,20.2,20.31,20.3513,20.1548,,-0.49%
12/12/2018,20.072,20.206,20.2257,19.9851,,-0.63%
13/12/2018,20.315,20.0795,20.3386,20.0609,,1.21%
14/12/2018,20.233,20.3155,20.5355,20.1941,,-0.40%
17/12/2018,20.07,20.2377,20.2439,20.06,,-0.81%
18/12/2018,20.072,20.0775,20.195,20.0322,,0.01%
19/12/2018,20.108,20.08,20.1728,19.9505,,0.18%
20/12/2018,19.875,20.116,20.1485,19.8062,,-1.16%
21/12/2018,19.94,19.8961,20.035,19.841,,0.33%
24/12/2018,19.8675,19.9434,19.9705,19.815,,-0.36%
25/12/2018,19.9117,19.875,19.9286,19.8717,,0.22%
26/12/2018,19.9,19.9192,19.9737,19.8382,,-0.06%
27/12/2018,19.668,19.9067,19.9543,19.621,,-1.17%
28/12/2018,19.651,19.6758,19.7509,19.6048,,-0.09%
31/12/2018,19.6403,19.659,19.72,19.6175,,-0.05%
01/01/2019,19.643,19.6513,19.6538,19.6425,1.45K,0.01%
02/01/2019,19.5625,19.6513,19.7241,19.5301,1.70K,-0.41%
03/01/2019,19.622,19.5707,19.6782,19.5495,1.80K,0.30%
04/01/2019,19.42,19.6295,19.6754,19.3701,0.00K,-1.03%
07/01/2019,19.3544,19.4191,19.4795,19.2902,1.95K,-0.34%
08/01/2019,19.358,19.3625,19.4396,19.2817,1.72K,0.02%
09/01/2019,19.224,19.3556,19.3815,19.1998,,-0.69%
10/01/2019,19.1231,19.2245,19.2727,19.1208,,-0.52%
11/01/2019,19.131,19.1285,19.195,19.057,15.69K,0.04%
14/01/2019,18.975,19.1411,19.2087,18.9576,,-0.82%
15/01/2019,18.9885,18.9812,19.095,18.9487,,0.07%
16/01/2019,18.887,18.9965,19.0553,18.8845,,-0.53%
17/01/2019,19.0106,18.8923,19.125,18.8754,91.44K,0.65%
18/01/2019,19.0775,19.0181,19.155,18.9701,79.94K,0.35%
21/01/2019,19.159,19.077,19.215,19.0662,46.44K,0.43%
22/01/2019,19.1682,19.1667,19.2452,19.1007,60.17K,0.05%
23/01/2019,19.0224,19.1685,19.174,19.0228,76.60K,-0.76%
24/01/2019,19.018,19.0291,19.0921,18.9515,78.69K,-0.02%
25/01/2019,18.9797,19.0172,19.0352,18.8796,76.83K,-0.20%
28/01/2019,19.038,18.9883,19.087,18.9676,65.36K,0.31%
29/01/2019,18.986,19.0427,19.0688,18.9617,94.58K,-0.27%
30/01/2019,19.123,18.9949,19.2155,18.9811,102.62K,0.72%
31/01/2019,19.1058,19.133,19.1671,18.972,106.56K,-0.09%
01/02/2019,19.094,19.1065,19.1896,19.0591,108.52K,-0.06%
04/02/2019,19.1044,19.0975,19.1829,19.0154,53.28K,0.05%
05/02/2019,19.0288,19.1109,19.1311,19.0187,65.87K,-0.40%
06/02/2019,19.102,19.036,19.1734,19.0336,74.76K,0.38%
07/02/2019,19.09,19.1075,19.1896,19.0384,81.90K,-0.06%
08/02/2019,19.0703,19.0797,19.1381,19.0231,80.48K,-0.10%
11/02/2019,19.2987,19.0614,19.335,19.0609,73.82K,1.20%
12/02/2019,19.2506,19.3065,19.3238,19.206,84.52K,-0.25%
13/02/2019,19.427,19.2555,19.455,19.2134,82.50K,0.92%
14/02/2019,19.256,19.4355,19.4761,19.2474,90.35K,-0.88%
15/02/2019,19.2352,19.2578,19.425,19.2114,76.86K,-0.11%
18/02/2019,19.2385,19.2567,19.2873,19.1995,53.94K,0.02%
19/02/2019,19.139,19.2455,19.3015,19.1213,73.07K,-0.52%
20/02/2019,19.214,19.144,19.2371,19.1311,88.69K,0.39%
21/02/2019,19.285,19.219,19.335,19.1693,90.17K,0.37%
22/02/2019,19.1365,19.2895,19.3074,19.0979,79.25K,-0.77%
25/02/2019,19.126,19.15,19.25,19.0235,62.29K,-0.05%
26/02/2019,19.166,19.1335,19.225,19.1032,76.42K,0.21%
27/02/2019,19.1622,19.1755,19.2662,19.1446,81.84K,-0.02%
28/02/2019,19.2775,19.172,19.325,19.1535,74.27K,0.60%
01/03/2019,19.2574,19.2825,19.3405,19.2446,68.98K,-0.10%
04/03/2019,19.29,19.2756,19.3862,19.2711,60.62K,0.17%
05/03/2019,19.247,19.2965,19.3267,19.2109,70.64K,-0.22%
06/03/2019,19.36,19.2475,19.4056,19.2419,74.36K,0.59%
07/03/2019,19.5501,19.3625,19.6262,19.3312,76.39K,0.98%
08/03/2019,19.4933,19.5505,19.616,19.4606,65.80K,-0.29%
11/03/2019,19.3945,19.4982,19.5239,19.377,60.90K,-0.51%
12/03/2019,19.3492,19.4008,19.424,19.2391,74.60K,-0.23%
13/03/2019,19.2783,19.349,19.375,19.2579,72.98K,-0.37%
14/03/2019,19.318,19.2833,19.3801,19.276,66.51K,0.21%
15/03/2019,19.1996,19.3185,19.3228,19.181,62.36K,-0.61%
18/03/2019,19.05,19.2025,19.2314,19.0392,41.23K,-0.78%
19/03/2019,19.0136,19.0562,19.0814,18.983,55.14K,-0.19%
20/03/2019,18.8282,19.0143,19.0351,18.7464,74.49K,-0.98%
21/03/2019,18.8616,18.8287,18.935,18.7742,74.10K,0.18%
22/03/2019,19.0855,18.8577,19.185,18.8377,81.03K,1.19%
25/03/2019,19.0125,19.099,19.1574,18.986,54.38K,-0.38%
26/03/2019,19.103,19.0185,19.135,18.9935,61.56K,0.48%
27/03/2019,19.355,19.106,19.385,19.0994,67.85K,1.32%
28/03/2019,19.335,19.3625,19.4468,19.2997,69.05K,-0.10%
29/03/2019,19.4215,19.3385,19.485,19.2664,61.47K,0.45%
01/04/2019,19.138,19.373,19.3869,19.1345,52.01K,-1.46%
02/04/2019,19.2275,19.1455,19.2652,19.072,69.09K,0.47%
03/04/2019,19.21,19.228,19.255,19.1067,59.38K,-0.09%
04/04/2019,19.1469,19.2184,19.2864,19.1319,54.24K,-0.33%
05/04/2019,19.0733,19.1462,19.1688,19.047,52.29K,-0.38%
08/04/2019,18.96,19.074,19.1346,18.9095,56.08K,-0.59%
09/04/2019,18.9307,18.9675,18.9897,18.8913,62.05K,-0.15%
10/04/2019,18.81,18.9312,18.9483,18.8075,63.90K,-0.64%
11/04/2019,18.826,18.8175,18.9245,18.8078,65.30K,0.09%
12/04/2019,18.7508,18.8335,18.8714,18.746,61.14K,-0.40%
15/04/2019,18.8505,18.7632,18.905,18.7481,54.37K,0.53%
16/04/2019,18.871,18.8548,19.005,18.8471,58.58K,0.11%
17/04/2019,18.8273,18.8705,18.8932,18.7963,54.50K,-0.23%
18/04/2019,18.7975,18.8225,18.9118,18.7495,47.60K,-0.16%
19/04/2019,18.7596,18.8035,18.8346,18.7477,14.65K,-0.20%
22/04/2019,18.8253,18.7748,18.8655,18.7533,43.39K,0.35%
23/04/2019,18.9042,18.8265,18.995,18.8195,62.08K,0.42%
24/04/2019,19.0678,18.9043,19.0958,18.901,59.66K,0.87%
25/04/2019,19.015,19.0696,19.1996,19.0103,56.19K,-0.28%
26/04/2019,18.9318,19.0225,19.1098,18.8962,57.53K,-0.44%
29/04/2019,19.0135,18.9361,19.045,18.8983,47.83K,0.43%
30/04/2019,18.9402,19.0138,19.085,18.9207,56.99K,-0.39%
01/05/2019,18.9938,18.9477,19.0016,18.7886,44.94K,0.28%
02/05/2019,19.1145,18.9962,19.1455,18.9358,52.65K,0.64%
03/05/2019,18.9155,19.122,19.1784,18.913,46.60K,-1.04%
06/05/2019,18.9805,19.001,19.1119,18.934,44.59K,0.34%
07/05/2019,19.032,18.9902,19.095,18.943,56.67K,0.27%
08/05/2019,19.081,19.0325,19.135,19.0065,54.07K,0.26%
09/05/2019,19.2264,19.086,19.325,19.0675,57.84K,0.76%
10/05/2019,19.0954,19.234,19.2854,19.0429,54.19K,-0.68%
13/05/2019,19.224,19.0975,19.2555,19.0975,53.13K,0.67%
14/05/2019,19.1505,19.2245,19.2367,19.1027,57.13K,-0.38%
15/05/2019,19.0472,19.151,19.262,19.0093,59.68K,-0.54%
16/05/2019,19.1209,19.0522,19.1373,18.9758,56.89K,0.39%
17/05/2019,19.1631,19.1283,19.2272,19.0914,57.14K,0.22%
20/05/2019,19.06,19.1725,19.1725,19.0588,59.33K,-0.54%
21/05/2019,19.0047,19.0685,19.1259,18.9991,56.34K,-0.29%
22/05/2019,18.9868,19.0104,19.0407,18.9319,57.22K,-0.09%
23/05/2019,19.037,18.9873,19.106,18.978,60.63K,0.26%
24/05/2019,19.0416,19.0427,19.0989,18.9968,50.66K,0.02%
27/05/2019,19.0531,19.0415,19.0759,19.0161,37.14K,0.06%
28/05/2019,19.1924,19.0618,19.215,19.0382,56.27K,0.73%
29/05/2019,19.1273,19.1931,19.2952,19.1275,56.73K,-0.34%
30/05/2019,19.135,19.1329,19.1704,19.0384,58.49K,0.04%
31/05/2019,19.612,19.1425,19.8333,19.1409,60.42K,2.49%
03/06/2019,19.7705,19.6027,19.8818,19.6027,52.20K,0.81%
04/06/2019,19.5598,19.7793,19.8397,19.5156,59.70K,-1.07%
05/06/2019,19.574,19.5648,19.6756,19.4664,54.86K,0.07%
06/06/2019,19.6844,19.5843,19.8428,19.518,50.25K,0.56%
07/06/2019,19.6105,19.6855,19.7918,19.555,54.87K,-0.38%
10/06/2019,19.2166,19.305,19.3296,19.1339,57.65K,-2.01%
11/06/2019,19.125,19.2171,19.2425,19.0851,54.93K,-0.48%
12/06/2019,19.166,19.1318,19.225,19.0994,48.93K,0.21%
13/06/2019,19.188,19.173,19.2162,19.1313,51.01K,0.11%
14/06/2019,19.15,19.1965,19.2319,19.1089,53.01K,-0.20%
17/06/2019,19.1771,19.1525,19.2175,19.1245,48.60K,0.14%
18/06/2019,19.1186,19.1776,19.1865,19.0478,52.93K,-0.31%
19/06/2019,19.0175,19.1235,19.2101,19.0141,52.70K,-0.53%
20/06/2019,18.995,19.018,19.0422,18.8909,50.52K,-0.12%
21/06/2019,19.1191,19.0047,19.1667,18.9713,52.71K,0.65%
24/06/2019,19.1925,19.095,19.2227,19.0751,42.57K,0.38%
25/06/2019,19.2195,19.2015,19.2765,19.1621,48.79K,0.14%
26/06/2019,19.1268,19.2304,19.2651,19.1187,50.27K,-0.48%
27/06/2019,19.1779,19.1275,19.195,19.0889,46.02K,0.27%
28/06/2019,19.2162,19.1788,19.245,19.1456,47.58K,0.20%
01/07/2019,19.1153,19.1915,19.2103,19.0359,43.51K,-0.53%
02/07/2019,19.0508,19.131,19.1324,19.0453,50.98K,-0.34%
03/07/2019,19.0105,19.0508,19.091,19.0023,41.52K,-0.21%
04/07/2019,18.998,19.0175,19.0271,18.9653,39.70K,-0.07%
05/07/2019,19.008,19.005,19.0855,18.9589,40.66K,0.05%
08/07/2019,18.9138,19.025,19.0301,18.8613,44.94K,-0.50%
09/07/2019,19.1545,18.9145,19.3465,18.8778,50.79K,1.27%
10/07/2019,19.13,19.1597,19.3153,19.1288,49.12K,-0.13%
11/07/2019,19.0696,19.1392,19.1752,19.0639,48.56K,-0.32%
12/07/2019,18.9794,19.0785,19.1284,18.9709,48.18K,-0.47%
15/07/2019,18.9706,19.002,19.0074,18.9186,46.29K,-0.05%
16/07/2019,19.086,18.978,19.125,18.9506,46.80K,0.61%
17/07/2019,19.0624,19.094,19.1289,18.992,43.90K,-0.12%
18/07/2019,18.9445,19.0635,19.1215,18.9399,46.33K,-0.62%
19/07/2019,19.0229,18.945,19.055,18.9263,48.16K,0.41%
22/07/2019,19.0511,19.035,19.0898,19.0021,43.96K,0.15%
23/07/2019,19.1724,19.0557,19.196,19.0454,45.00K,0.64%
24/07/2019,19.05,19.1822,19.1936,19.052,35.67K,-0.64%
25/07/2019,19.015,19.0595,19.135,18.9604,48.25K,-0.18%
26/07/2019,19.035,19.02,19.115,18.9859,47.55K,0.11%
29/07/2019,19.0536,19.045,19.1306,19.0096,42.18K,0.10%
30/07/2019,19.063,19.0639,19.095,19.014,43.25K,0.05%
31/07/2019,19.1265,19.0625,19.1901,18.9474,45.43K,0.33%
01/08/2019,19.2323,19.134,19.2819,19.1133,50.16K,0.55%
02/08/2019,19.299,19.2358,19.3755,19.1947,45.03K,0.35%
05/08/2019,19.609,19.2987,19.6777,19.2981,46.75K,1.61%
06/08/2019,19.5739,19.6139,19.7423,19.5301,51.66K,-0.18%
07/08/2019,19.6215,19.5755,19.745,19.5284,47.77K,0.24%
08/08/2019,19.404,19.6289,19.659,19.4012,47.16K,-1.11%
09/08/2019,19.401,19.4112,19.497,19.3752,44.37K,-0.02%
12/08/2019,19.6059,19.399,19.7779,19.3977,46.41K,1.06%
13/08/2019,19.3698,19.6087,19.681,19.3512,47.63K,-1.20%
14/08/2019,19.6747,19.376,19.756,19.3694,47.85K,1.57%
15/08/2019,19.602,19.6755,19.765,19.579,49.36K,-0.37%
16/08/2019,19.6502,19.61,19.6879,19.5194,44.18K,0.25%
19/08/2019,19.8542,19.665,19.905,19.6068,44.72K,1.04%
20/08/2019,19.7612,19.862,19.8922,19.7192,46.47K,-0.47%
21/08/2019,19.6875,19.7662,19.7756,19.6387,42.74K,-0.37%
22/08/2019,19.8176,19.6885,19.8514,19.6604,45.76K,0.66%
23/08/2019,19.9129,19.8251,19.9414,19.7572,44.68K,0.48%
26/08/2019,19.9328,19.9187,20.126,19.8092,44.19K,0.10%
27/08/2019,19.978,19.9333,20.0872,19.8766,50.41K,0.23%
28/08/2019,20.0967,19.987,20.1273,19.9468,48.18K,0.59%
29/08/2019,20.132,20.1042,20.261,20.044,49.38K,0.18%
30/08/2019,20.0575,20.1403,20.1987,20.0089,46.60K,-0.37%
02/09/2019,20.1405,20.063,20.1577,20.036,35.99K,0.41%
03/09/2019,19.9727,20.1478,20.169,19.9673,44.21K,-0.83%
04/09/2019,19.7136,19.9732,19.9966,19.7074,41.55K,-1.30%
05/09/2019,19.7367,19.7232,19.7647,19.611,42.42K,0.12%
06/09/2019,19.5293,19.7442,19.7557,19.5156,40.15K,-1.05%
09/09/2019,19.5605,19.5584,19.605,19.4726,43.51K,0.16%
10/09/2019,19.49,19.5743,19.6127,19.4711,45.99K,-0.36%
11/09/2019,19.503,19.498,19.5776,19.4728,46.28K,0.07%
12/09/2019,19.4295,19.5069,19.5443,19.3987,46.45K,-0.38%
13/09/2019,19.3983,19.437,19.4625,19.3442,43.08K,-0.16%
16/09/2019,19.44,19.4225,19.4711,19.3974,38.05K,0.21%
17/09/2019,19.3622,19.4405,19.555,19.3449,38.77K,-0.40%
18/09/2019,19.397,19.3636,19.445,19.3239,39.62K,0.18%
19/09/2019,19.4507,19.3975,19.4655,19.3194,43.67K,0.28%
20/09/2019,19.4468,19.4557,19.4962,19.3969,42.76K,-0.02%
23/09/2019,19.468,19.447,19.515,19.382,38.95K,0.11%
24/09/2019,19.4393,19.4765,19.5072,19.4021,43.10K,-0.15%
25/09/2019,19.5636,19.4451,19.6192,19.4396,43.71K,0.64%
26/09/2019,19.665,19.5714,19.6808,19.5271,42.01K,0.52%
27/09/2019,19.6867,19.6727,19.7385,19.5938,46.59K,0.11%
30/09/2019,19.7275,19.695,19.765,19.68,44.64K,0.21%
01/10/2019,19.815,19.7325,19.845,19.7204,44.52K,0.44%
02/10/2019,19.7932,19.8225,19.8654,19.7439,46.46K,-0.11%
03/10/2019,19.645,19.7937,19.825,19.645,44.78K,-0.75%
04/10/2019,19.5102,19.6538,19.6583,19.4921,40.26K,-0.69%
07/10/2019,19.566,19.5195,19.5973,19.5161,43.76K,0.29%
08/10/2019,19.626,19.574,19.645,19.5089,48.23K,0.31%
09/10/2019,19.5625,19.6265,19.6357,19.4925,43.70K,-0.32%
10/10/2019,19.4405,19.57,19.642,19.4345,46.17K,-0.62%
11/10/2019,19.317,19.4465,19.4627,19.2644,47.58K,-0.64%
14/10/2019,19.2665,19.3265,19.3511,19.2491,35.78K,-0.26%
15/10/2019,19.24,19.271,19.2966,19.2197,36.94K,-0.14%
16/10/2019,19.2015,19.2405,19.2925,19.1631,39.83K,-0.20%
17/10/2019,19.193,19.202,19.2537,19.1275,42.94K,-0.04%
18/10/2019,19.1007,19.197,19.2185,19.1024,42.79K,-0.48%
21/10/2019,19.1147,19.11,19.175,19.1017,42.01K,0.07%
22/10/2019,19.1419,19.122,19.159,19.0728,43.14K,0.14%
23/10/2019,19.108,19.1474,19.1915,19.0985,45.73K,-0.18%
24/10/2019,19.127,19.117,19.1656,19.0554,42.33K,0.10%
25/10/2019,19.053,19.137,19.141,19.0251,40.68K,-0.39%
28/10/2019,19.119,19.0565,19.138,19.0144,49.26K,0.35%
29/10/2019,19.115,19.122,19.158,19.0721,70.18K,-0.02%
30/10/2019,19.0806,19.1165,19.2372,19.0767,55.11K,-0.18%
31/10/2019,19.228,19.083,19.2488,19.0674,40.85K,0.77%
01/11/2019,19.1042,19.2345,19.2454,19.0667,33.36K,-0.64%
04/11/2019,19.173,19.1134,19.2205,19.046,52.82K,0.36%
05/11/2019,19.2,19.1755,19.252,19.095,84.09K,0.14%
06/11/2019,19.141,19.207,19.263,19.136,87.55K,-0.31%
07/11/2019,19.132,19.146,19.1905,19.0878,61.15K,-0.05%
08/11/2019,19.0971,19.138,19.2092,19.0772,35.97K,-0.18%
11/11/2019,19.107,19.103,19.1657,19.0828,34.34K,0.05%
12/11/2019,19.3068,19.1155,19.375,19.1098,37.28K,1.05%
13/11/2019,19.3499,19.3143,19.535,19.3018,37.31K,0.22%
14/11/2019,19.3125,19.3574,19.4878,19.3094,42.37K,-0.19%
15/11/2019,19.1758,19.3198,19.3312,19.176,41.24K,-0.71%
18/11/2019,19.3116,19.194,19.3267,19.1801,38.03K,0.71%
19/11/2019,19.336,19.3183,19.415,19.2417,40.34K,0.13%
20/11/2019,19.457,19.344,19.555,19.3425,44.54K,0.63%
21/11/2019,19.3808,19.4652,19.5016,19.3549,41.80K,-0.39%
22/11/2019,19.3721,19.3855,19.437,19.3437,35.83K,-0.04%
25/11/2019,19.4381,19.373,19.4835,19.314,36.14K,0.34%
26/11/2019,19.5152,19.4441,19.5957,19.4094,40.02K,0.40%
27/11/2019,19.5094,19.52,19.5956,19.4621,36.52K,-0.03%
28/11/2019,19.4704,19.5169,19.6619,19.4646,36.40K,-0.20%
29/11/2019,19.562,19.471,19.587,19.4268,52.98K,0.47%
02/12/2019,19.577,19.527,19.6175,19.5233,48.19K,0.08%
03/12/2019,19.548,19.5795,19.6305,19.5369,75.74K,-0.15%
04/12/2019,19.4255,19.5532,19.5895,19.4294,52.17K,-0.63%
05/12/2019,19.369,19.433,19.4775,19.341,70.08K,-0.29%
06/12/2019,19.301,19.3765,19.3965,19.2817,78.65K,-0.35%
09/12/2019,19.2285,19.2955,19.3099,19.2107,33.46K,-0.38%
10/12/2019,19.2534,19.236,19.2707,19.1966,40.60K,0.13%
11/12/2019,19.1145,19.2585,19.2873,19.1059,42.10K,-0.72%
12/12/2019,19.05,19.1195,19.1395,19.0375,40.38K,-0.34%
13/12/2019,19.0079,19.06,19.0954,18.9792,43.91K,-0.22%
16/12/2019,18.9252,19.0373,19.0861,18.925,37.80K,-0.44%
17/12/2019,18.926,18.9327,18.9674,18.9004,56.47K,0.00%
18/12/2019,18.96,18.935,19.0025,18.9058,78.68K,0.18%
19/12/2019,18.913,18.966,19.048,18.9125,75.88K,-0.25%
20/12/2019,18.939,18.9225,18.9725,18.8856,80.96K,0.14%
23/12/2019,18.952,18.935,18.993,18.8934,49.18K,0.07%
24/12/2019,18.973,18.961,19.001,18.9231,59.74K,0.11%
25/12/2019,18.969,18.981,18.9835,18.9745,1.22K,-0.02%
26/12/2019,18.931,18.979,18.9805,18.9291,23.87K,-0.20%
27/12/2019,18.8316,18.9405,18.9578,18.8052,37.95K,-0.53%
30/12/2019,18.923,18.8375,18.9675,18.7995,46.95K,0.49%
31/12/2019,18.925,18.9335,18.9595,18.8397,62.91K,0.01%
01/01/2020,18.925,18.9325,18.9338,18.9312,0.83K,0.00%
02/01/2020,18.832,18.9325,18.9412,18.8288,54.00K,-0.49%
03/01/2020,18.917,18.8415,19.0365,18.8293,82.35K,0.45%
06/01/2020,18.837,18.915,18.9515,18.7943,56.88K,-0.42%
07/01/2020,18.898,18.8405,18.9375,18.8004,82.61K,0.32%
08/01/2020,18.808,18.9055,19.0225,18.7638,84.24K,-0.48%
09/01/2020,18.832,18.814,18.8885,18.7584,83.56K,0.13%
10/01/2020,18.781,18.842,18.8725,18.7453,80.80K,-0.27%
13/01/2020,18.7931,18.7905,18.8665,18.753,38.41K,0.06%
14/01/2020,18.7753,18.8006,18.8747,18.775,36.40K,-0.09%
15/01/2020,18.7831,18.783,18.8285,18.7635,34.68K,0.04%
16/01/2020,18.7722,18.792,18.8157,18.769,39.59K,-0.06%
17/01/2020,18.6549,18.7797,18.7904,18.6529,44.08K,-0.62%
20/01/2020,18.6586,18.6615,18.696,18.6444,34.52K,0.02%
21/01/2020,18.7625,18.6639,18.8045,18.6617,58.43K,0.56%
22/01/2020,18.6807,18.7728,18.8055,18.663,83.84K,-0.44%
23/01/2020,18.757,18.693,18.8595,18.6813,62.44K,0.41%
24/01/2020,18.79,18.767,18.873,18.7234,81.57K,0.18%
27/01/2020,18.905,18.8345,18.979,18.8289,46.15K,0.61%
28/01/2020,18.7155,18.9127,18.9301,18.7046,43.43K,-1.00%
29/01/2020,18.6915,18.7231,18.7772,18.666,44.57K,-0.13%
30/01/2020,18.7726,18.699,18.8722,18.6907,48.80K,0.43%
31/01/2020,18.8353,18.7801,18.9455,18.744,48.52K,0.33%
03/02/2020,18.809,18.855,18.8988,18.716,40.82K,-0.14%
04/02/2020,18.658,18.816,18.843,18.6567,39.67K,-0.80%
05/02/2020,18.591,18.667,18.7003,18.5728,46.48K,-0.36%
06/02/2020,18.6542,18.6025,18.6989,18.5592,46.62K,0.34%
07/02/2020,18.7608,18.6603,18.835,18.6274,46.29K,0.57%
10/02/2020,18.6972,18.79,18.835,18.6935,46.62K,-0.34%
11/02/2020,18.6544,18.6977,18.725,18.6404,45.49K,-0.23%
12/02/2020,18.6123,18.6559,18.672,18.6043,44.90K,-0.23%
13/02/2020,18.59,18.621,18.6877,18.5793,46.75K,-0.12%
14/02/2020,18.5334,18.6,18.6178,18.5347,43.96K,-0.30%
17/02/2020,18.548,18.541,18.5884,18.522,39.41K,0.08%
18/02/2020,18.5872,18.5555,18.6656,18.5511,44.25K,0.21%
19/02/2020,18.5585,18.5922,18.6257,18.5515,43.11K,-0.15%
20/02/2020,18.827,18.5655,18.865,18.5547,47.34K,1.45%
21/02/2020,18.8949,18.8327,19.0882,18.7974,46.11K,0.36%
24/02/2020,19.0599,18.91,19.266,18.91,45.25K,0.87%
25/02/2020,19.08,19.07,19.215,18.9412,60.56K,0.11%
26/02/2020,19.282,19.092,19.3045,19.0632,95.37K,1.06%
27/02/2020,19.508,19.2845,19.515,19.2624,93.70K,1.17%
28/02/2020,19.611,19.511,19.9025,19.4538,99.95K,0.53%
02/03/2020,19.4,19.8645,19.8808,19.3858,56.27K,-1.08%
03/03/2020,19.448,19.405,19.567,19.1551,89.29K,0.25%
04/03/2020,19.5289,19.457,19.635,19.1838,91.03K,0.42%
05/03/2020,19.8445,19.5415,19.9865,19.4986,82.02K,1.62%
06/03/2020,20.1024,19.846,20.387,19.8117,58.40K,1.30%
09/03/2020,20.784,20.534,21.86,20.48,27.73K,3.39%
10/03/2020,20.8435,20.775,21.0995,20.3882,49.65K,0.29%
11/03/2020,21.3805,20.829,21.5038,20.7672,56.19K,2.58%
12/03/2020,21.901,21.3836,22.8705,21.3505,79.80K,2.43%
13/03/2020,21.902,21.921,22.157,21.346,61.46K,0.00%
16/03/2020,22.85,21.665,23.077,21.5919,20.79K,4.33%
17/03/2020,22.9367,22.885,23.239,22.47,27.17K,0.38%
18/03/2020,23.7064,22.9594,24.1,22.8178,21.79K,3.36%
19/03/2020,24.0225,23.7282,24.6478,23.6024,37.27K,1.33%
20/03/2020,24.4215,24.0275,24.5688,23.4881,26.84K,1.66%
23/03/2020,25.338,24.425,25.3685,24.415,16.13K,3.75%
24/03/2020,24.827,25.3606,25.448,24.6173,22.83K,-2.02%
25/03/2020,23.931,24.8435,24.9135,23.8535,25.66K,-3.61%
26/03/2020,22.93,23.948,24.2485,22.9368,30.34K,-4.18%
27/03/2020,23.301,22.943,23.6304,22.854,44.42K,1.62%
30/03/2020,23.788,23.705,24.565,23.477,31.29K,2.09%
31/03/2020,23.714,23.804,24.1698,23.327,38.14K,-0.31%
01/04/2020,24.201,23.719,24.6266,23.6052,37.55K,2.05%
02/04/2020,24.221,24.2385,24.5205,23.7825,31.76K,0.08%
03/04/2020,24.961,24.226,25.055,24.2005,37.43K,3.06%
06/04/2020,24.6266,25.09,25.7573,24.578,23.59K,-1.34%
07/04/2020,24.295,24.6316,24.6866,23.8214,26.06K,-1.35%
08/04/2020,24.0075,24.3115,24.7889,23.9331,22.62K,-1.18%
09/04/2020,23.56,24.0125,24.0954,23.3379,23.32K,-1.86%
10/04/2020,23.33,23.57,23.7903,23.3328,12.82K,-0.98%
13/04/2020,23.586,23.325,23.8774,23.2525,42.30K,1.10%
14/04/2020,23.37,23.6631,23.7668,23.3792,42.82K,-0.92%
15/04/2020,23.974,23.385,24.1959,23.3605,45.79K,2.58%
16/04/2020,24.001,23.9986,24.436,23.9657,43.83K,0.11%
17/04/2020,23.671,24.0255,24.153,23.6075,45.26K,-1.37%
20/04/2020,24.038,23.875,24.244,23.86,56.13K,1.55%
21/04/2020,24.393,24.049,24.549,23.9657,82.06K,1.48%
22/04/2020,24.467,24.3923,24.702,24.2069,86.93K,0.30%
23/04/2020,24.806,24.492,24.8575,24.3101,85.88K,1.39%
24/04/2020,24.949,24.8075,25.2975,24.5962,83.14K,0.58%
27/04/2020,24.6759,25.005,25.0352,24.6732,44.11K,-1.09%
28/04/2020,24.271,24.6925,24.9072,24.2104,44.28K,-1.64%
29/04/2020,23.738,24.2945,24.3347,23.7393,43.06K,-2.20%
30/04/2020,24.151,23.7415,24.197,23.6325,43.35K,1.74%
01/05/2020,24.5681,24.175,24.886,24.1066,42.55K,1.73%
04/05/2020,24.06,24.7335,24.8871,24.0583,45.52K,-2.07%
05/05/2020,23.986,24.07,24.1805,23.777,59.69K,-0.31%
06/05/2020,24.353,24.003,24.4185,23.8638,83.29K,1.53%
07/05/2020,24.031,24.385,24.551,23.9187,87.90K,-1.32%
08/05/2020,23.621,24.061,24.1335,23.5535,81.40K,-1.71%
11/05/2020,23.921,23.692,23.9825,23.5387,47.39K,1.27%
12/05/2020,24.355,23.9275,24.4244,23.7511,47.70K,1.81%
13/05/2020,24.2009,24.358,24.3999,23.9974,49.30K,-0.63%
14/05/2020,23.86,24.2059,24.3892,23.7395,48.32K,-1.41%
15/05/2020,23.9282,23.871,24.1252,23.7518,45.45K,0.29%
18/05/2020,23.746,24.006,24.0074,23.4471,33.48K,-0.76%
19/05/2020,23.681,23.759,23.7992,23.4435,43.88K,-0.27%
20/05/2020,23.191,23.6815,23.7544,23.0545,30.71K,-2.07%
21/05/2020,22.8644,23.1995,23.2803,22.7507,35.26K,-1.41%
22/05/2020,22.725,22.8649,23.165,22.707,34.00K,-0.61%
25/05/2020,22.5342,22.7225,22.7717,22.5185,20.57K,-0.84%
26/05/2020,22.186,22.5494,22.5917,22.1054,26.78K,-1.55%
27/05/2020,22.288,22.1995,22.4925,22.1405,25.14K,0.46%
28/05/2020,22.2179,22.304,22.4216,22.0953,40.26K,-0.31%
29/05/2020,22.1675,22.2184,22.344,21.9972,38.35K,-0.23%
01/06/2020,22.024,22.2801,22.286,21.9294,35.00K,-0.65%
02/06/2020,21.7817,22.033,22.1189,21.5758,39.72K,-1.10%
03/06/2020,21.7579,21.79,21.8133,21.5019,47.23K,-0.11%
04/06/2020,21.928,21.7715,21.9964,21.7003,44.97K,0.78%
05/06/2020,21.5844,21.9095,21.955,21.4909,75.01K,-1.57%
08/06/2020,21.492,21.5707,21.7262,21.4736,40.21K,-0.43%
09/06/2020,21.9017,21.5045,21.934,21.4601,41.86K,1.91%
10/06/2020,21.857,21.9172,22.045,21.6785,47.21K,-0.20%
11/06/2020,22.7368,21.8745,22.7922,21.851,52.49K,4.03%
12/06/2020,22.2189,22.7632,22.9476,22.1795,62.62K,-2.28%
15/06/2020,22.2139,22.3577,22.7599,22.124,55.45K,-0.02%
16/06/2020,22.3095,22.2239,22.3985,21.8919,55.91K,0.43%
17/06/2020,22.301,22.323,22.4732,22.1525,47.69K,-0.04%
18/06/2020,22.7418,22.314,22.8301,22.1887,47.52K,1.98%
19/06/2020,22.6328,22.753,22.7728,22.4986,43.09K,-0.48%
22/06/2020,22.486,22.653,22.6765,22.3004,41.99K,-0.65%
23/06/2020,22.4082,22.487,22.6815,22.2811,42.52K,-0.35%
24/06/2020,22.7772,22.4139,22.8045,22.3039,46.89K,1.65%
25/06/2020,22.6452,22.7851,22.9885,22.627,47.54K,-0.58%
26/06/2020,23.0485,22.6624,23.0774,22.6297,46.93K,1.78%
29/06/2020,23.0595,23.0684,23.2045,22.9244,44.33K,0.05%
30/06/2020,22.9889,23.0714,23.2305,22.9314,47.60K,-0.31%
01/07/2020,22.666,22.9987,23.0932,22.6162,42.93K,-1.40%
02/07/2020,22.465,22.6745,22.7482,22.4014,41.82K,-0.89%
03/07/2020,22.3915,22.477,22.601,22.3729,43.79K,-0.33%
06/07/2020,22.3259,22.4145,22.4233,22.1509,49.74K,-0.29%
07/07/2020,22.841,22.3363,22.8915,22.2509,55.63K,2.31%
08/07/2020,22.655,22.859,22.9175,22.6382,94.29K,-0.81%
09/07/2020,22.626,22.6645,22.782,22.5308,108.90K,-0.13%
10/07/2020,22.4435,22.6425,22.8545,22.4312,118.61K,-0.81%
13/07/2020,22.7615,22.457,22.7715,22.3683,50.55K,1.42%
14/07/2020,22.443,22.762,22.7836,22.4189,53.70K,-1.40%
15/07/2020,22.322,22.4545,22.461,22.2495,49.12K,-0.54%
16/07/2020,22.4119,22.327,22.4746,22.269,55.20K,0.40%
17/07/2020,22.54,22.4238,22.6244,22.3764,54.14K,0.57%
20/07/2020,22.479,22.557,22.7275,22.4497,48.83K,-0.27%
21/07/2020,22.3327,22.494,22.5191,22.2602,58.87K,-0.65%
22/07/2020,22.358,22.338,22.4348,22.1784,63.61K,0.11%
23/07/2020,22.489,22.37,22.5638,22.2472,62.21K,0.59%
24/07/2020,22.259,22.512,22.6354,22.232,65.02K,-1.02%
27/07/2020,21.914,22.2945,22.325,21.9181,37.96K,-1.55%
28/07/2020,21.925,21.9225,22.1094,21.8914,39.61K,0.05%
29/07/2020,21.961,21.943,22.0559,21.8384,70.41K,0.16%
30/07/2020,22.004,21.975,22.2484,21.9564,56.89K,0.20%
31/07/2020,22.2714,22.0265,22.309,21.9696,66.06K,1.22%
03/08/2020,22.6246,22.2644,22.7017,22.2535,38.23K,1.59%
04/08/2020,22.647,22.639,22.9225,22.5287,77.26K,0.10%
05/08/2020,22.3576,22.669,22.691,22.329,68.47K,-1.28%
06/08/2020,22.368,22.3734,22.6143,22.2983,51.33K,0.05%
07/08/2020,22.3576,22.3965,22.6147,22.3404,89.78K,-0.05%
10/08/2020,22.447,22.3855,22.5471,22.347,38.33K,0.40%
11/08/2020,22.386,22.4715,22.5214,22.2583,39.97K,-0.27%
12/08/2020,22.342,22.4,22.5006,22.2596,47.81K,-0.20%
13/08/2020,22.132,22.3535,22.4109,22.1357,46.52K,-0.94%
14/08/2020,21.9742,22.189,22.243,21.9324,48.13K,-0.71%
17/08/2020,22.167,21.97,22.2186,21.9004,47.07K,0.88%
18/08/2020,22.1496,22.1845,22.2199,22.0078,46.38K,-0.08%
19/08/2020,22.1231,22.159,22.1926,21.9959,45.24K,-0.12%
20/08/2020,22.074,22.1382,22.3304,22.0731,53.98K,-0.22%
21/08/2020,21.9598,22.076,22.1896,21.9424,63.33K,-0.52%
24/08/2020,21.979,21.9741,22.0439,21.879,48.05K,0.09%
25/08/2020,21.885,22,22.0278,21.8748,47.47K,-0.43%
26/08/2020,21.931,21.893,21.9871,21.8778,44.85K,0.21%
27/08/2020,22.1338,21.942,22.2274,21.8211,47.91K,0.92%
28/08/2020,21.7523,22.1495,22.1626,21.7413,44.54K,-1.72%
31/08/2020,21.8785,21.76,21.985,21.7404,64.09K,0.58%
01/09/2020,21.79,21.8915,21.9605,21.6754,129.04K,-0.40%
02/09/2020,21.71,21.7925,21.91,21.7017,132.43K,-0.37%
03/09/2020,21.66,21.726,21.8315,21.5452,135.29K,-0.23%
04/09/2020,21.566,21.6495,21.7475,21.4977,129.06K,-0.43%
07/09/2020,21.6195,21.5326,21.6659,21.5301,33.17K,0.25%
08/09/2020,21.76,21.6245,21.8797,21.5662,42.27K,0.65%
09/09/2020,21.352,21.774,21.9431,21.3365,39.34K,-1.88%
10/09/2020,21.436,21.365,21.5007,21.2045,41.71K,0.39%
11/09/2020,21.2663,21.433,21.4592,21.2367,44.33K,-0.79%
14/09/2020,21.074,21.293,21.2962,21.0387,39.82K,-0.90%
15/09/2020,21.143,21.0885,21.1721,20.9517,44.32K,0.33%
16/09/2020,20.929,21.1555,21.1719,20.9214,36.89K,-1.01%
17/09/2020,20.851,20.944,21.1512,20.8458,45.68K,-0.37%
18/09/2020,21.1272,20.866,21.1453,20.8382,44.75K,1.32%
21/09/2020,21.346,21.0975,21.603,21.0491,76.60K,1.04%
22/09/2020,21.723,21.3625,21.7915,21.289,124.32K,1.77%
23/09/2020,22.3812,21.74,22.4436,21.6635,114.35K,3.03%
24/09/2020,22.147,22.3836,22.7016,21.9527,39.49K,-1.05%
25/09/2020,22.3389,22.17,22.5646,21.9801,56.15K,0.87%
28/09/2020,22.395,22.3464,22.6589,22.1404,45.68K,0.25%
29/09/2020,22.464,22.4175,22.5479,22.1762,81.77K,0.31%
30/09/2020,22.099,22.436,22.5645,22.025,104.24K,-1.62%
01/10/2020,21.823,22.1065,22.14,21.7843,42.52K,-1.25%
02/10/2020,21.6103,21.832,22.0688,21.5654,51.02K,-0.97%
05/10/2020,21.383,21.6085,21.6467,21.2988,47.97K,-1.05%
06/10/2020,21.721,21.4,21.7645,21.2492,52.29K,1.58%
07/10/2020,21.454,21.7345,21.7393,21.3542,57.70K,-1.23%
08/10/2020,21.372,21.477,21.5064,21.346,51.10K,-0.38%
09/10/2020,21.1396,21.379,21.4095,21.1169,44.22K,-1.09%
12/10/2020,21.226,21.165,21.3075,21.1268,95.54K,0.41%
13/10/2020,21.347,21.241,21.4895,21.149,153.67K,0.57%
14/10/2020,21.333,21.362,21.471,21.2364,229.32K,-0.07%
15/10/2020,21.2749,21.315,21.55,21.2582,190.39K,-0.27%
16/10/2020,21.123,21.2745,21.389,21.0888,142.47K,-0.71%
19/10/2020,21.188,21.1175,21.2971,21.0448,67.97K,0.31%
20/10/2020,21.1211,21.2005,21.271,21.0324,80.68K,-0.32%
21/10/2020,21.098,21.1215,21.1369,20.986,75.75K,-0.11%
22/10/2020,20.948,21.109,21.2261,20.9403,75.52K,-0.71%
23/10/2020,20.868,20.96,21.0515,20.8366,150.88K,-0.38%
26/10/2020,20.915,20.8925,21.136,20.8839,79.93K,0.23%
27/10/2020,21.029,20.9325,21.0543,20.8244,113.50K,0.55%
28/10/2020,21.28,21.0395,21.3782,21.0037,97.73K,1.19%
29/10/2020,21.387,21.29,21.4923,21.1333,85.29K,0.50%
30/10/2020,21.171,21.3876,21.5001,21.169,141.32K,-1.01%
02/11/2020,21.3743,21.244,21.5002,21.2161,74.69K,0.96%
03/11/2020,21.1,21.3754,21.392,21.0142,85.28K,-1.28%
04/11/2020,20.901,21.125,21.995,20.8813,131.72K,-0.94%
05/11/2020,20.67,20.9405,21.0535,20.619,139.94K,-1.11%
06/11/2020,20.544,20.707,20.8755,20.5089,187.69K,-0.61%
09/11/2020,20.328,20.551,20.5615,20.0236,111.52K,-1.05%
10/11/2020,20.313,20.338,20.4935,20.2663,156.76K,-0.07%
11/11/2020,20.464,20.3305,20.6178,20.2385,135.52K,0.74%
12/11/2020,20.633,20.4655,20.6891,20.4226,113.36K,0.83%
13/11/2020,20.3917,20.649,20.6969,20.3611,140.42K,-1.17%
16/11/2020,20.246,20.3994,20.3994,20.1466,91.02K,-0.71%
17/11/2020,20.307,20.2625,20.4455,20.2328,134.66K,0.30%
18/11/2020,20.362,20.285,20.3765,20.1644,198.34K,0.27%
19/11/2020,20.179,20.3185,20.4402,20.1047,154.62K,-0.90%
20/11/2020,20.0975,20.1945,20.2965,20.0465,203.38K,-0.40%
23/11/2020,20.162,20.114,20.216,19.9424,108.38K,0.32%
24/11/2020,19.998,20.152,20.167,19.9813,120.36K,-0.81%
25/11/2020,19.939,20.02,20.1091,19.9424,207.95K,-0.30%
26/11/2020,20.027,19.9635,20.0779,19.9272,121.92K,0.44%
27/11/2020,20.0265,20.038,20.1102,19.958,76.85K,0.00%
30/11/2020,20.166,20.045,20.2233,20.0154,113.15K,0.70%
01/12/2020,20.019,20.1825,20.2115,19.9775,133.49K,-0.73%
02/12/2020,19.96,20.025,20.1535,19.9525,106.82K,-0.29%
03/12/2020,19.879,19.97,20.0404,19.8501,127.83K,-0.41%
04/12/2020,19.7682,19.8945,19.93,19.7295,91.03K,-0.56%
07/12/2020,19.857,19.7725,19.9809,19.7619,87.70K,0.45%
08/12/2020,19.765,19.8825,19.9226,19.6903,99.40K,-0.46%
09/12/2020,19.856,19.7835,20.0089,19.6902,100.92K,0.46%
10/12/2020,19.995,19.864,20.0499,19.8174,82.17K,0.70%
11/12/2020,20.1351,20.0125,20.2008,19.9476,91.44K,0.70%
14/12/2020,20.2412,20.1165,20.2549,19.9904,84.93K,0.53%
15/12/2020,19.888,20.2425,20.2621,19.8878,97.85K,-1.74%
16/12/2020,19.824,19.9055,20.0076,19.8075,140.50K,-0.32%
17/12/2020,19.794,19.8485,19.8974,19.7257,151.53K,-0.15%
18/12/2020,19.9355,19.819,20.0471,19.7861,112.46K,0.71%
21/12/2020,19.941,19.96,20.6625,19.8873,100.36K,0.03%
22/12/2020,20.1311,19.952,20.1925,19.9403,129.87K,0.95%
23/12/2020,20.0491,20.1395,20.2133,20.0038,118.47K,-0.41%
24/12/2020,19.857,20.0632,20.0797,19.8277,84.70K,-0.96%
25/12/2020,19.8561,19.886,19.9131,19.8525,0.67K,0.00%
28/12/2020,20.001,19.9263,20.1283,19.8298,109.81K,0.73%
29/12/2020,19.89,20.016,20.075,19.8582,109.42K,-0.55%
30/12/2020,19.89,19.9065,20.0506,19.8039,105.17K,0.00%
31/12/2020,19.871,19.908,19.97,19.8314,104.29K,-0.10%
01/01/2021,19.875,19.8885,19.9053,19.8639,0.87K,0.02%
04/01/2021,19.953,19.8948,19.9988,19.7086,124.43K,0.39%
05/01/2021,19.878,19.9755,20.1174,19.8022,156.20K,-0.38%
06/01/2021,19.635,19.899,19.9977,19.5986,127.93K,-1.22%
07/01/2021,19.9994,19.64,20.0974,19.611,97.21K,1.86%
08/01/2021,20.0069,20.0134,20.1551,19.8642,135.65K,0.04%
11/01/2021,20.0585,20.009,20.2686,19.9877,135.06K,0.26%
12/01/2021,19.773,20.0726,20.1235,19.7698,129.03K,-1.42%
13/01/2021,19.8392,19.7935,19.9004,19.7306,128.66K,0.33%
14/01/2021,19.7061,19.8533,19.8957,19.6348,108.36K,-0.67%
15/01/2021,19.772,19.7181,19.9031,19.6812,118.72K,0.33%
18/01/2021,19.6708,19.8175,19.9705,19.6525,68.32K,-0.51%
19/01/2021,19.65,19.6864,19.7347,19.5958,82.47K,-0.11%
20/01/2021,19.588,19.6715,19.6775,19.5516,81.01K,-0.32%
21/01/2021,19.714,19.6015,19.81,19.5436,85.94K,0.64%
22/01/2021,19.963,19.7295,20.0075,19.7146,85.62K,1.26%
25/01/2021,20.1037,19.965,20.241,19.8508,95.39K,0.70%
26/01/2021,19.963,20.1157,20.2981,19.9337,88.22K,-0.70%
27/01/2021,20.28,19.986,20.3342,19.977,102.61K,1.59%
28/01/2021,20.2316,20.2771,20.465,20.1268,105.17K,-0.24%
29/01/2021,20.5855,20.25,20.6045,20.0826,110.53K,1.75%
01/02/2021,20.365,20.475,20.5187,20.2633,87.82K,-1.07%
02/02/2021,20.115,20.381,20.3913,20.1106,102.33K,-1.23%
03/02/2021,20.185,20.131,20.2554,20.0625,129.51K,0.35%
04/02/2021,20.371,20.2075,20.5072,20.1702,137.55K,0.92%
05/02/2021,20.077,20.395,20.43,20.0718,140.18K,-1.44%
08/02/2021,20.101,20.1133,20.2531,20.0678,113.84K,0.12%
09/02/2021,20.075,20.11,20.1605,20.0019,160.61K,-0.13%
10/02/2021,20.021,20.098,20.1577,19.9921,159.63K,-0.27%
11/02/2021,19.943,20.0445,20.065,19.8953,142.80K,-0.39%
12/02/2021,19.93,19.9635,20.0975,19.8962,131.25K,-0.07%
15/02/2021,19.95,19.944,19.9849,19.885,83.44K,0.10%
16/02/2021,20.133,19.965,20.2528,19.9216,89.44K,0.92%
17/02/2021,20.207,20.1475,20.3944,20.136,125.94K,0.37%
18/02/2021,20.289,20.2295,20.4851,20.1347,92.54K,0.41%
19/02/2021,20.425,20.31,20.5297,20.2516,90.42K,0.67%
22/02/2021,20.714,20.4782,20.8347,20.4525,88.43K,1.41%
23/02/2021,20.5,20.7315,20.7668,20.4965,87.32K,-1.03%
24/02/2021,20.359,20.514,20.5583,20.3489,93.43K,-0.69%
25/02/2021,20.836,20.3765,21.0395,20.3695,90.87K,2.34%
26/02/2021,20.848,20.8525,21.051,20.7777,102.02K,0.06%
01/03/2021,20.64,20.862,20.8753,20.5751,91.62K,-1.00%
02/03/2021,20.596,20.657,20.7944,20.5544,100.86K,-0.21%
03/03/2021,20.935,20.6115,20.9998,20.5493,98.40K,1.65%
04/03/2021,21.118,20.9465,21.1728,20.756,106.03K,0.87%
05/03/2021,21.301,21.1265,21.4227,21.0875,100.68K,0.87%
08/03/2021,21.509,21.254,21.6381,21.2135,85.48K,0.98%
09/03/2021,21.188,21.518,21.5723,21.128,80.31K,-1.49%
10/03/2021,20.872,21.197,21.2835,20.8669,90.92K,-1.49%
11/03/2021,20.598,20.8855,20.9268,20.5798,88.41K,-1.31%
12/03/2021,20.725,20.608,20.9344,20.5896,81.01K,0.62%
15/03/2021,20.631,20.7205,20.8293,20.6266,72.14K,-0.45%
16/03/2021,20.6213,20.6485,20.7337,20.5222,77.59K,-0.05%
17/03/2021,20.388,20.622,20.8148,20.3111,84.42K,-1.13%
18/03/2021,20.471,20.4,20.5969,20.2803,84.23K,0.41%
19/03/2021,20.494,20.4855,20.5519,20.286,86.30K,0.11%
22/03/2021,20.555,20.7825,20.8433,20.5296,83.01K,0.30%
23/03/2021,20.831,20.5725,20.8647,20.5307,86.13K,1.34%
24/03/2021,20.921,20.8485,20.9743,20.6634,85.77K,0.43%
25/03/2021,20.675,20.938,20.9466,20.5825,90.83K,-1.18%
26/03/2021,20.58,20.684,20.7362,20.537,83.34K,-0.46%
29/03/2021,20.6081,20.6375,20.7903,20.5604,81.34K,0.14%
30/03/2021,20.57,20.6087,20.7089,20.5424,78.77K,-0.18%
31/03/2021,20.422,20.5875,20.6365,20.4032,78.61K,-0.72%
01/04/2021,20.275,20.439,20.498,20.2686,69.05K,-0.72%
02/04/2021,20.295,20.297,20.3515,20.2665,39.46K,0.10%
05/04/2021,20.3,20.289,20.3843,20.2285,64.67K,0.02%
06/04/2021,20.1656,20.312,20.3871,20.1395,75.69K,-0.66%
07/04/2021,20.2054,20.1595,20.2565,20.1423,79.07K,0.20%
08/04/2021,20.086,20.1985,20.2307,20.0636,77.63K,-0.59%
09/04/2021,20.146,20.1025,20.2289,20.0684,82.93K,0.30%
12/04/2021,20.128,20.1642,20.2234,20.0697,79.93K,-0.09%
13/04/2021,20.0843,20.1405,20.2425,20.0417,83.17K,-0.22%
14/04/2021,20.061,20.0849,20.1322,20.0103,82.44K,-0.12%
15/04/2021,19.934,20.073,20.0999,19.8996,81.12K,-0.63%
16/04/2021,19.915,19.94,19.9954,19.889,82.16K,-0.10%
19/04/2021,19.813,19.914,19.9405,19.7922,86.84K,-0.51%
20/04/2021,19.96,19.8185,20.0005,19.78,113.62K,0.74%
21/04/2021,19.873,19.9725,19.996,19.8505,107.84K,-0.44%
22/04/2021,19.914,19.8835,19.9873,19.8584,121.55K,0.21%
23/04/2021,19.815,19.931,19.956,19.8055,114.09K,-0.50%
26/04/2021,19.85,19.847,19.9046,19.7958,90.33K,0.18%
27/04/2021,20.04,19.8585,20.0783,19.851,110.67K,0.96%
28/04/2021,19.901,20.0575,20.0935,19.8531,119.20K,-0.69%
29/04/2021,20.04,19.916,20.1705,19.861,106.73K,0.70%
30/04/2021,20.226,20.052,20.285,20.0125,121.88K,0.93%
03/05/2021,20.161,20.2415,20.319,20.1395,83.57K,-0.32%
04/05/2021,20.18,20.177,20.3365,20.139,114.20K,0.09%
05/05/2021,20.244,20.203,20.299,20.148,128.20K,0.32%
06/05/2021,20.058,20.26,20.308,20.0655,143.35K,-0.92%
07/05/2021,19.9,20.0815,20.1257,19.8535,111.72K,-0.79%
10/05/2021,19.922,19.9073,19.9583,19.8585,76.89K,0.11%
11/05/2021,19.949,19.933,20.0014,19.8253,83.51K,0.14%
12/05/2021,20.156,19.967,20.1856,19.9253,84.48K,1.04%
13/05/2021,19.925,20.168,20.2145,19.9132,88.71K,-1.15%
14/05/2021,19.857,19.9365,19.9734,19.753,80.22K,-0.34%
17/05/2021,19.769,19.868,19.948,19.7614,76.56K,-0.44%
18/05/2021,19.832,19.784,19.8718,19.7183,78.53K,0.32%
19/05/2021,19.917,19.838,19.9776,19.7955,93.10K,0.43%
20/05/2021,19.8611,19.928,19.9625,19.8384,87.30K,-0.28%
21/05/2021,19.932,19.8664,20.0165,19.8619,87.16K,0.36%
24/05/2021,19.85,19.9685,19.9956,19.8455,78.08K,-0.41%
25/05/2021,19.914,19.859,19.9335,19.8097,84.57K,0.32%
26/05/2021,19.867,19.919,19.928,19.8299,81.65K,-0.24%
27/05/2021,19.941,19.8705,20.0467,19.826,82.38K,0.37%
28/05/2021,19.905,19.9471,20.0784,19.8972,84.91K,-0.18%
31/05/2021,19.9461,19.9275,19.9605,19.8835,80.65K,0.21%
01/06/2021,19.964,19.9535,19.9885,19.84,112.41K,0.09%
02/06/2021,19.886,19.976,20.028,19.879,103.59K,-0.39%
03/06/2021,20.154,19.898,20.18,19.891,108.81K,1.35%
04/06/2021,19.958,20.1645,20.219,19.9015,114.42K,-0.97%
07/06/2021,19.7991,19.945,19.972,19.7345,72.37K,-0.80%
08/06/2021,19.694,19.8065,19.8579,19.689,76.35K,-0.53%
09/06/2021,19.7315,19.704,19.7917,19.5967,70.37K,0.19%
10/06/2021,19.679,19.737,19.778,19.6497,78.91K,-0.27%
11/06/2021,19.8775,19.6905,20.0039,19.6416,77.52K,1.01%
14/06/2021,19.948,19.8818,19.982,19.8384,71.62K,0.35%
15/06/2021,20.005,19.9655,20.195,19.8847,78.41K,0.29%
16/06/2021,20.402,20.0235,20.4315,19.9524,82.72K,1.98%
17/06/2021,20.413,20.409,20.623,20.3262,92.31K,0.05%
18/06/2021,20.658,20.425,20.7507,20.375,96.18K,1.20%
21/06/2021,20.4749,20.6405,20.7159,20.449,125.76K,-0.89%
22/06/2021,20.335,20.484,20.6756,20.325,96.76K,-0.68%
23/06/2021,20.165,20.3505,20.4167,20.1675,118.65K,-0.84%
24/06/2021,19.8505,20.2076,20.2172,19.714,84.99K,-1.56%
25/06/2021,19.809,19.8645,19.908,19.7045,77.43K,-0.21%
28/06/2021,19.8199,19.8235,19.9024,19.7505,78.87K,0.06%
29/06/2021,19.803,19.8252,19.8855,19.767,81.19K,-0.09%
30/06/2021,19.931,19.8175,19.969,19.7815,83.31K,0.65%
01/07/2021,19.986,19.945,20.0872,19.9023,88.14K,0.28%
02/07/2021,19.758,19.999,20.0545,19.7444,95.82K,-1.14%
05/07/2021,19.8481,19.7865,19.8752,19.7735,67.25K,0.46%
06/07/2021,20.011,19.8534,20.0795,19.7726,95.99K,0.82%
07/07/2021,19.923,20.017,20.1056,19.9063,103.56K,-0.44%
08/07/2021,19.994,19.947,20.1619,19.9337,99.05K,0.36%
09/07/2021,19.849,20.0055,20.0405,19.843,87.48K,-0.73%
12/07/2021,19.8453,19.8575,20.0128,19.8298,79.70K,-0.02%
13/07/2021,20.054,19.8498,20.0845,19.8131,87.34K,1.05%
14/07/2021,19.8669,20.0605,20.0644,19.8561,84.00K,-0.93%
15/07/2021,19.935,19.8811,20.0009,19.8668,87.97K,0.34%
16/07/2021,19.875,19.9455,19.9566,19.8245,82.75K,-0.30%
19/07/2021,20.071,19.9035,20.102,19.898,95.40K,0.99%
20/07/2021,20.1389,20.0805,20.1975,19.9995,86.59K,0.34%
21/07/2021,20.131,20.1561,20.2525,20.1119,82.64K,-0.04%
22/07/2021,20.105,20.1445,20.2261,20.0817,75.12K,-0.13%
23/07/2021,20.042,20.123,20.1483,19.9904,75.89K,-0.31%
26/07/2021,20.027,20.072,20.1668,19.9893,76.37K,-0.07%
27/07/2021,19.971,20.041,20.1397,19.9461,85.21K,-0.28%
28/07/2021,19.906,19.98,20.035,19.8762,83.48K,-0.33%
29/07/2021,19.838,19.916,19.9404,19.8162,79.16K,-0.34%
30/07/2021,19.855,19.854,19.9338,19.7985,77.13K,0.09%
02/08/2021,19.896,19.899,19.929,19.8015,79.57K,0.21%
03/08/2021,19.87,19.91,19.9307,19.8272,78.31K,-0.13%
04/08/2021,19.98,19.889,20.004,19.8139,73.18K,0.55%
05/08/2021,19.914,19.984,20,19.8874,72.53K,-0.33%
06/08/2021,20.024,19.93,20.0905,19.8957,71.50K,0.55%
09/08/2021,20.066,20.0815,20.129,19.9955,99.77K,0.21%
10/08/2021,20.082,20.075,20.177,20.043,137.26K,0.08%
11/08/2021,19.915,20.0905,20.1222,19.9054,132.94K,-0.83%
12/08/2021,19.946,19.9325,19.9755,19.856,131.90K,0.16%
13/08/2021,19.859,19.9625,19.992,19.8288,128.82K,-0.44%
16/08/2021,19.886,19.88,19.9286,19.8431,75.86K,0.14%
17/08/2021,19.997,19.903,20.0325,19.8715,81.99K,0.56%
18/08/2021,20.0425,20.0105,20.0492,19.9471,84.08K,0.23%
19/08/2021,20.152,20.0459,20.212,20.029,94.44K,0.55%
20/08/2021,20.347,20.1625,20.4678,20.1453,91.19K,0.97%
23/08/2021,20.301,20.4055,20.447,20.2851,78.17K,-0.23%
24/08/2021,20.2,20.321,20.3657,20.1975,73.66K,-0.50%
25/08/2021,20.215,20.2145,20.3575,20.166,140.23K,0.07%
26/08/2021,20.351,20.228,20.3905,20.2076,81.67K,0.67%
27/08/2021,20.1922,20.3625,20.4395,20.1679,79.09K,-0.78%
30/08/2021,20.1301,20.182,20.2275,20.1045,86.62K,-0.31%
31/08/2021,20.063,20.1401,20.1533,20.0266,118.63K,-0.33%
01/09/2021,19.982,20.073,20.1021,19.9293,81.42K,-0.40%
02/09/2021,19.9557,19.9955,20.0231,19.9218,130.28K,-0.13%
03/09/2021,19.915,19.961,19.9904,19.8428,132.64K,-0.20%
06/09/2021,19.909,19.9095,19.9354,19.8659,70.96K,-0.03%
07/09/2021,19.922,19.917,19.973,19.8831,135.13K,0.07%
08/09/2021,19.931,19.938,19.9912,19.8846,143.01K,0.05%
09/09/2021,19.917,19.93,19.9735,19.8737,102.93K,-0.07%
10/09/2021,19.881,19.931,19.9541,19.846,138.00K,-0.18%
13/09/2021,19.865,19.89,19.9116,19.8472,73.48K,-0.08%
14/09/2021,19.903,19.8683,19.933,19.851,77.50K,0.19%
15/09/2021,19.854,19.9135,19.928,19.846,76.13K,-0.25%
16/09/2021,19.931,19.8675,19.9699,19.8518,81.07K,0.39%
17/09/2021,20.0141,19.9377,20.0387,19.9045,82.99K,0.42%
20/09/2021,20.1376,20.016,20.2052,20.0103,92.76K,0.62%
21/09/2021,20.128,20.142,20.1702,20.057,113.47K,-0.05%
22/09/2021,20.0831,20.1355,20.1528,19.9295,141.16K,-0.22%
23/09/2021,20.0431,20.0888,20.1227,19.9772,85.57K,-0.20%
24/09/2021,20.04,20.0488,20.1936,20.0448,85.16K,-0.02%
27/09/2021,20.093,20.0665,20.1595,20.011,90.04K,0.26%
28/09/2021,20.3166,20.1095,20.4009,20.0909,162.19K,1.11%
29/09/2021,20.485,20.3315,20.6595,20.2763,175.51K,0.83%
30/09/2021,20.63,20.515,20.6854,20.4478,173.68K,0.71%
01/10/2021,20.429,20.6415,20.733,20.4058,156.94K,-0.97%
04/10/2021,20.479,20.4455,20.6264,20.4167,133.44K,0.24%
05/10/2021,20.552,20.489,20.6192,20.4795,169.35K,0.36%
06/10/2021,20.549,20.573,20.8934,20.541,185.18K,-0.01%
07/10/2021,20.643,20.5565,20.6998,20.4545,160.44K,0.46%
08/10/2021,20.689,20.66,20.7961,20.5256,173.93K,0.22%
11/10/2021,20.855,20.737,20.889,20.6991,100.60K,0.80%
12/10/2021,20.7752,20.873,20.9037,20.739,103.13K,-0.38%
13/10/2021,20.5475,20.7806,20.8039,20.545,101.07K,-1.10%
14/10/2021,20.539,20.5523,20.6633,20.5058,92.82K,-0.04%
15/10/2021,20.329,20.5645,20.5982,20.3165,98.77K,-1.02%
18/10/2021,20.4036,20.3385,20.4963,20.3043,127.37K,0.37%
19/10/2021,20.227,20.4105,20.4405,20.2106,159.65K,-0.87%
20/10/2021,20.1972,20.2405,20.288,20.1567,117.79K,-0.15%
21/10/2021,20.293,20.2085,20.3531,20.1864,92.95K,0.47%
22/10/2021,20.165,20.3045,20.3414,20.1249,87.61K,-0.63%
25/10/2021,20.153,20.1805,20.2325,20.1529,73.66K,-0.06%
26/10/2021,20.2,20.169,20.2411,20.1138,78.68K,0.23%
27/10/2021,20.301,20.215,20.3405,20.1478,86.27K,0.50%
28/10/2021,20.365,20.314,20.4247,20.2526,105.68K,0.32%
29/10/2021,20.545,20.3765,20.6361,20.3415,137.79K,0.88%
01/11/2021,20.831,20.5745,20.8948,20.5427,98.37K,1.39%
02/11/2021,20.777,20.845,20.9174,20.7054,125.03K,-0.26%
03/11/2021,20.53,20.792,20.9841,20.5075,124.41K,-1.19%
04/11/2021,20.5382,20.54,20.6668,20.4881,136.10K,0.04%
05/11/2021,20.317,20.543,20.6521,20.303,134.77K,-1.08%
08/11/2021,20.32,20.369,20.4318,20.2855,114.25K,0.01%
09/11/2021,20.301,20.335,20.3811,20.2463,122.28K,-0.09%
10/11/2021,20.621,20.3185,20.6478,20.3044,133.46K,1.58%
11/11/2021,20.6328,20.6385,20.699,20.4471,123.47K,0.06%
12/11/2021,20.509,20.6459,20.7274,20.4453,110.73K,-0.60%
15/11/2021,20.603,20.52,20.6825,20.4706,63.58K,0.46%
16/11/2021,20.7216,20.6155,20.8549,20.5567,98.65K,0.58%
17/11/2021,20.64,20.7369,20.8083,20.6343,104.30K,-0.39%
18/11/2021,20.765,20.6515,20.895,20.619,122.99K,0.61%
19/11/2021,20.824,20.7815,20.8941,20.663,127.73K,0.28%
22/11/2021,20.985,20.856,21.0299,20.816,100.76K,0.77%
23/11/2021,21.1758,21.0025,21.3117,20.989,139.16K,0.91%
24/11/2021,21.409,21.1911,21.6155,21.1856,111.78K,1.10%
25/11/2021,21.5575,21.4265,21.5977,21.3606,52.50K,0.69%
26/11/2021,21.91,21.5625,22.155,21.5625,101.28K,1.64%
29/11/2021,21.6686,21.8901,21.9949,21.6292,104.82K,-1.10%
30/11/2021,21.4368,21.6737,21.8421,21.2799,158.21K,-1.07%
01/12/2021,21.5016,21.4475,21.5223,21.115,153.31K,0.30%
02/12/2021,21.248,21.5173,21.522,21.2368,135.84K,-1.18%
03/12/2021,21.264,21.265,21.4974,21.1574,130.79K,0.08%
06/12/2021,21.207,21.258,21.3022,21.1674,108.48K,-0.27%
07/12/2021,21.022,21.224,21.3079,21.0033,119.78K,-0.87%
08/12/2021,20.921,21.0355,21.0445,20.8811,126.44K,-0.48%
09/12/2021,20.937,20.9355,21.0826,20.914,109.46K,0.08%
10/12/2021,20.866,20.946,21.0594,20.8382,110.04K,-0.34%
13/12/2021,21.01,20.882,21.0322,20.8378,87.73K,0.69%
14/12/2021,21.22,21.02,21.2835,20.9641,101.20K,1.00%
15/12/2021,21.0071,21.2375,21.3668,21.0051,99.88K,-1.00%
16/12/2021,20.805,21.0135,21.0882,20.7588,116.39K,-0.96%
17/12/2021,20.833,20.822,20.869,20.6945,110.09K,0.13%
20/12/2021,20.774,20.8205,20.9555,20.6922,102.52K,-0.28%
21/12/2021,20.801,20.7865,20.8762,20.7022,120.55K,0.13%
22/12/2021,20.695,20.8176,20.8649,20.6975,115.78K,-0.51%
23/12/2021,20.625,20.7115,20.7455,20.6138,128.29K,-0.34%
24/12/2021,20.6,20.647,20.6682,20.5725,39.00K,-0.12%
27/12/2021,20.672,20.6175,20.7454,20.5812,58.26K,0.35%
28/12/2021,20.642,20.6885,20.722,20.5605,65.27K,-0.15%
29/12/2021,20.559,20.658,20.6828,20.548,63.76K,-0.40%
30/12/2021,20.4586,20.5745,20.6122,20.4542,58.73K,-0.49%
31/12/2021,20.487,20.4636,20.5265,20.3269,56.72K,0.14%
03/01/2022,20.494,20.4944,20.6605,20.4104,79.92K,0.03%
04/01/2022,20.501,20.5115,20.6423,20.4149,87.41K,0.03%
05/01/2022,20.565,20.515,20.612,20.3424,71.14K,0.31%
06/01/2022,20.486,20.582,20.7612,20.4039,75.52K,-0.38%
07/01/2022,20.36,20.504,20.5223,20.3525,65.87K,-0.62%
10/01/2022,20.36,20.371,20.5294,20.3515,96.10K,0.00%
11/01/2022,20.375,20.376,20.4604,20.3363,120.34K,0.07%
12/01/2022,20.334,20.3815,20.4492,20.3118,108.19K,-0.20%
13/01/2022,20.333,20.35,20.4245,20.2983,117.00K,0.00%
14/01/2022,20.29,20.346,20.3713,20.2773,123.58K,-0.21%
17/01/2022,20.281,20.3025,20.3625,20.2753,65.17K,-0.04%
18/01/2022,20.396,20.2955,20.4557,20.2764,131.63K,0.57%
19/01/2022,20.502,20.4055,20.5335,20.3216,108.37K,0.52%
20/01/2022,20.529,20.5155,20.5725,20.3829,81.40K,0.13%
21/01/2022,20.451,20.543,20.5578,20.429,94.80K,-0.38%
24/01/2022,20.561,20.488,20.6921,20.437,107.32K,0.54%
25/01/2022,20.6,20.577,20.6971,20.5685,104.96K,0.19%
26/01/2022,20.731,20.6175,20.7796,20.5488,87.65K,0.64%
27/01/2022,20.749,20.7475,20.8114,20.652,98.33K,0.09%
28/01/2022,20.789,20.7655,20.9134,20.7157,95.35K,0.19%
31/01/2022,20.625,20.8195,20.847,20.5895,77.65K,-0.79%
01/02/2022,20.53,20.634,20.6575,20.5,97.83K,-0.46%
02/02/2022,20.563,20.545,20.6485,20.4751,115.03K,0.16%
03/02/2022,20.531,20.574,20.66,20.5123,118.24K,-0.16%
04/02/2022,20.662,20.55,20.791,20.5405,83.12K,0.64%
07/02/2022,20.578,20.6785,20.6989,20.579,81.77K,-0.41%
08/02/2022,20.598,20.5945,20.6882,20.5842,84.04K,0.10%
09/02/2022,20.462,20.614,20.6269,20.4415,68.53K,-0.66%
10/02/2022,20.543,20.4775,20.5925,20.349,92.58K,0.40%
11/02/2022,20.526,20.56,20.6405,20.3618,107.28K,-0.08%
14/02/2022,20.405,20.535,20.5776,20.3865,105.63K,-0.59%
15/02/2022,20.3894,20.421,20.4555,20.3508,79.91K,-0.08%
16/02/2022,20.2703,20.4,20.4144,20.2495,79.37K,-0.58%
17/02/2022,20.284,20.2781,20.3555,20.2318,90.82K,0.07%
18/02/2022,20.28,20.3,20.3381,20.2576,88.45K,-0.02%
21/02/2022,20.295,20.31,20.3325,20.2489,72.32K,0.07%
22/02/2022,20.289,20.3095,20.3772,20.2682,103.18K,-0.03%
23/02/2022,20.226,20.305,20.3111,20.1565,86.64K,-0.31%
24/02/2022,20.541,20.239,20.79,20.2344,145.46K,1.56%
25/02/2022,20.335,20.5545,20.5842,20.3215,104.56K,-1.00%
28/02/2022,20.461,20.355,20.6254,20.3171,112.18K,0.62%
01/03/2022,20.635,20.47,20.681,20.3909,102.32K,0.85%
02/03/2022,20.593,20.657,20.8005,20.5777,106.16K,-0.20%
03/03/2022,20.6336,20.6175,20.757,20.6077,96.24K,0.20%
04/03/2022,20.935,20.6374,20.975,20.6357,107.32K,1.46%
07/03/2022,21.3,20.945,21.3725,20.9263,108.68K,1.74%
08/03/2022,21.369,21.315,21.4687,21.2045,112.76K,0.32%
09/03/2022,20.892,21.3765,21.385,20.856,100.06K,-2.23%
10/03/2022,20.925,20.911,21.0686,20.8832,76.62K,0.16%
11/03/2022,20.897,20.939,21.0541,20.844,79.23K,-0.13%
14/03/2022,20.9,20.9325,20.9823,20.831,83.41K,0.01%
15/03/2022,20.82,20.92,20.9394,20.8186,79.30K,-0.38%
16/03/2022,20.632,20.8345,20.853,20.5968,83.18K,-0.90%
17/03/2022,20.515,20.639,20.6741,20.4984,82.61K,-0.57%
18/03/2022,20.34,20.5215,20.5555,20.352,81.21K,-0.85%
21/03/2022,20.3682,20.386,20.4156,20.2672,67.58K,0.14%
22/03/2022,20.27,20.3735,20.4223,20.2495,72.31K,-0.48%
23/03/2022,20.2208,20.2845,20.2987,20.155,67.01K,-0.24%
24/03/2022,20.075,20.2199,20.2451,20.0705,72.42K,-0.72%
25/03/2022,20.02,20.0915,20.1008,19.9085,75.98K,-0.27%
28/03/2022,20.11,20.035,20.1905,20.0129,83.54K,0.45%
29/03/2022,19.964,20.1205,20.143,19.9121,79.20K,-0.73%
30/03/2022,19.856,19.979,19.9915,19.814,78.12K,-0.54%
31/03/2022,19.845,19.8745,19.9725,19.8186,76.37K,-0.06%
01/04/2022,19.835,19.8695,19.935,19.747,71.42K,-0.05%
04/04/2022,19.788,19.8815,19.8875,19.7255,62.79K,-0.24%
05/04/2022,19.993,19.8055,20.0155,19.762,72.41K,1.04%
06/04/2022,20.16,20.0015,20.1971,19.9715,88.55K,0.84%
07/04/2022,20.121,20.1725,20.1945,20.071,82.80K,-0.19%
08/04/2022,20.02,20.1385,20.1905,20.018,70.62K,-0.50%
11/04/2022,19.929,20.0575,20.1257,19.8937,79.10K,-0.45%
12/04/2022,19.787,19.9407,19.9566,19.774,80.98K,-0.71%
13/04/2022,19.773,19.803,19.8365,19.7406,76.81K,-0.07%
14/04/2022,19.9629,19.789,20.0286,19.7307,78.80K,0.96%
15/04/2022,19.9405,19.9682,19.9897,19.9277,13.74K,-0.11%
18/04/2022,19.815,19.962,20.0102,19.8144,61.11K,-0.63%
19/04/2022,20.006,19.8275,20.088,19.7615,85.96K,0.96%
20/04/2022,19.983,20.0235,20.076,19.9442,85.55K,-0.11%
21/04/2022,20.16,19.9915,20.241,19.9779,96.16K,0.89%
22/04/2022,20.218,20.1735,20.379,20.1615,92.96K,0.29%
25/04/2022,20.204,20.2385,20.4876,20.1615,100.76K,-0.07%
26/04/2022,20.423,20.2165,20.465,20.191,88.82K,1.08%
27/04/2022,20.3759,20.4365,20.5386,20.3218,101.29K,-0.23%
28/04/2022,20.436,20.3812,20.645,20.3468,96.69K,0.29%
29/04/2022,20.411,20.448,20.4737,20.2855,101.17K,-0.12%
02/05/2022,20.462,20.403,20.5131,20.3393,94.30K,0.25%
03/05/2022,20.277,20.4795,20.4897,20.261,91.68K,-0.90%
04/05/2022,20.014,20.2915,20.3102,19.997,87.62K,-1.30%
05/05/2022,20.222,20.0285,20.319,20.0049,111.99K,1.04%
06/05/2022,20.135,20.2385,20.2998,20.07,126.23K,-0.43%
09/05/2022,20.38,20.1775,20.4095,20.1603,123.77K,1.22%
10/05/2022,20.384,20.3945,20.4404,20.272,130.41K,0.02%
11/05/2022,20.305,20.392,20.4684,20.227,113.75K,-0.39%
12/05/2022,20.2424,20.3175,20.4771,20.2314,127.51K,-0.31%
13/05/2022,20.088,20.2479,20.257,20.0779,103.33K,-0.76%
16/05/2022,20.02,20.1025,20.1861,20.0187,85.90K,-0.34%
17/05/2022,19.93,20.0283,20.0427,19.9261,87.19K,-0.45%
18/05/2022,20.029,19.94,20.0823,19.8703,87.54K,0.50%
19/05/2022,19.922,20.0465,20.0755,19.8659,106.42K,-0.53%
20/05/2022,19.851,19.936,19.9638,19.8275,95.71K,-0.36%
23/05/2022,19.853,19.862,19.9105,19.772,89.70K,0.01%
24/05/2022,19.831,19.8675,19.9443,19.7904,93.04K,-0.11%
25/05/2022,19.818,19.843,19.9295,19.788,90.62K,-0.07%
26/05/2022,19.7622,19.8325,19.868,19.7595,81.34K,-0.28%
27/05/2022,19.565,19.767,19.7926,19.5495,80.71K,-1.00%
30/05/2022,19.545,19.5895,19.606,19.4125,54.31K,-0.10%
31/05/2022,19.6525,19.5556,19.74,19.5344,80.75K,0.55%
01/06/2022,19.684,19.6574,19.774,19.603,77.64K,0.16%
02/06/2022,19.52,19.696,19.729,19.518,63.79K,-0.83%
03/06/2022,19.5565,19.532,19.614,19.5,64.14K,0.19%
06/06/2022,19.56,19.574,19.635,19.47,69.63K,0.02%
07/06/2022,19.58,19.5731,19.645,19.5096,85.52K,0.10%
08/06/2022,19.56,19.5865,19.6877,19.555,72.71K,-0.10%
09/06/2022,19.657,19.576,19.6965,19.5318,73.83K,0.50%
10/06/2022,19.956,19.674,20.002,19.6187,81.86K,1.52%
13/06/2022,20.4538,19.987,20.5208,19.965,97.38K,2.49%
14/06/2022,20.579,20.4576,20.6916,20.3524,98.26K,0.61%
15/06/2022,20.245,20.5945,20.6985,20.2115,93.83K,-1.62%
16/06/2022,20.4,20.2578,20.7045,20.2176,108.92K,0.77%
17/06/2022,20.329,20.4095,20.5826,20.2981,108.71K,-0.35%
20/06/2022,20.276,20.346,20.3792,20.2227,70.30K,-0.26%
21/06/2022,20.115,20.288,20.29,20.115,72.47K,-0.79%
22/06/2022,20.0442,20.1235,20.2491,19.9979,81.45K,-0.35%
23/06/2022,20.001,20.0496,20.1442,19.9765,96.98K,-0.22%
24/06/2022,19.85,20.015,20.0889,19.8263,85.78K,-0.75%
27/06/2022,19.91,19.8775,19.965,19.8192,80.42K,0.30%
28/06/2022,20.122,19.9235,20.175,19.871,91.79K,1.06%
29/06/2022,20.111,20.136,20.2104,20.0714,90.91K,-0.05%
30/06/2022,20.089,20.1275,20.2661,20.0612,92.61K,-0.11%
01/07/2022,20.251,20.1035,20.467,20.0875,101.91K,0.81%
04/07/2022,20.26,20.2645,20.344,20.2136,60.26K,0.04%
05/07/2022,20.5162,20.2755,20.625,20.2334,101.70K,1.26%
06/07/2022,20.6517,20.5209,20.787,20.4904,106.69K,0.66%
07/07/2022,20.503,20.6563,20.6816,20.4773,88.15K,-0.72%
08/07/2022,20.443,20.5155,20.5888,20.3654,93.71K,-0.29%
11/07/2022,20.729,20.4795,20.798,20.4535,86.80K,1.40%
12/07/2022,20.8482,20.74,20.9312,20.726,92.97K,0.58%
13/07/2022,20.721,20.8535,20.9968,20.6399,85.05K,-0.61%
14/07/2022,20.79,20.7305,21.0566,20.7205,97.06K,0.33%
15/07/2022,20.522,20.801,20.8936,20.5229,95.23K,-1.29%
18/07/2022,20.457,20.53,20.543,20.3283,90.54K,-0.32%
19/07/2022,20.5164,20.4675,20.5305,20.3168,91.83K,0.29%
20/07/2022,20.532,20.5217,20.5946,20.4459,94.38K,0.08%
21/07/2022,20.617,20.5495,20.7015,20.4762,120.90K,0.41%
22/07/2022,20.526,20.631,20.7261,20.4905,107.10K,-0.44%
25/07/2022,20.46,20.55,20.5907,20.399,89.75K,-0.32%
26/07/2022,20.444,20.473,20.541,20.411,90.35K,-0.08%
27/07/2022,20.395,20.457,20.5785,20.301,90.90K,-0.24%
28/07/2022,20.265,20.4032,20.4536,20.268,102.66K,-0.64%
29/07/2022,20.35,20.28,20.423,20.2058,92.61K,0.42%
01/08/2022,20.369,20.383,20.4281,20.2383,85.40K,0.09%
02/08/2022,20.773,20.3845,20.8335,20.3792,106.14K,1.98%
03/08/2022,20.456,20.789,20.8245,20.4242,98.86K,-1.53%
04/08/2022,20.326,20.473,20.504,20.2885,88.32K,-0.64%
05/08/2022,20.413,20.3435,20.4922,20.3141,84.12K,0.43%
08/08/2022,20.245,20.414,20.4408,20.241,69.77K,-0.82%
09/08/2022,20.218,20.2515,20.3055,20.1975,73.32K,-0.13%
10/08/2022,20.016,20.2315,20.2757,19.9113,84.38K,-1.00%
11/08/2022,19.928,20.0305,20.0491,19.9005,87.32K,-0.44%
12/08/2022,19.829,19.9415,19.9779,19.813,76.09K,-0.50%
15/08/2022,19.823,19.8505,20.0113,19.811,76.74K,-0.03%
16/08/2022,19.897,19.8365,19.976,19.8151,78.05K,0.37%
17/08/2022,19.97,19.911,20.0936,19.8925,85.41K,0.37%
18/08/2022,20.104,19.9825,20.1805,19.9289,83.99K,0.67%
19/08/2022,20.15,20.1215,20.2689,20.1173,81.10K,0.23%
22/08/2022,20.133,20.182,20.2484,20.115,82.28K,-0.08%
23/08/2022,19.971,20.142,20.1679,19.9518,95.84K,-0.80%
24/08/2022,19.885,19.9795,20.011,19.8787,83.33K,-0.43%
25/08/2022,19.914,19.8945,19.9865,19.8499,81.39K,0.15%
26/08/2022,20.015,19.9315,20.039,19.8695,92.68K,0.51%
29/08/2022,20.004,20.044,20.1534,19.9646,98.79K,-0.05%
30/08/2022,20.145,20.0215,20.2095,19.9118,108.77K,0.70%
31/08/2022,20.1348,20.1527,20.2428,20.079,103.28K,-0.05%
01/09/2022,20.168,20.14,20.2955,20.136,107.10K,0.16%
02/09/2022,19.929,20.182,20.2041,19.925,95.08K,-1.19%
05/09/2022,19.9842,19.9665,20.0285,19.9425,70.79K,0.28%
06/09/2022,20.118,20.0046,20.1825,19.9464,97.23K,0.67%
07/09/2022,19.966,20.1325,20.1887,19.9612,108.09K,-0.76%
08/09/2022,19.953,19.979,20.1055,19.9445,99.05K,-0.07%
09/09/2022,19.876,19.9675,19.9797,19.8653,105.09K,-0.39%
12/09/2022,19.821,19.8925,19.897,19.7518,86.31K,-0.28%
13/09/2022,20.066,19.8375,20.1092,19.7854,110.76K,1.24%
14/09/2022,19.942,20.0795,20.096,19.9075,115.34K,-0.62%
15/09/2022,20.06,19.959,20.098,19.9455,124.05K,0.59%
16/09/2022,20.03,20.0765,20.1635,20.0135,95.63K,-0.15%
19/09/2022,19.91,20.041,20.162,19.905,105.66K,-0.60%
20/09/2022,19.983,19.9255,20.085,19.9023,97.55K,0.37%
21/09/2022,20.004,20.0005,20.095,19.8795,142.10K,0.11%
22/09/2022,19.931,20.021,20.082,19.8403,128.36K,-0.36%
23/09/2022,20.179,19.9465,20.2665,19.9062,140.76K,1.24%
26/09/2022,20.396,20.2268,20.454,20.194,154.72K,1.08%
27/09/2022,20.359,20.4105,20.435,20.2612,154.37K,-0.18%
28/09/2022,20.116,20.377,20.581,20.1155,160.42K,-1.19%
29/09/2022,20.161,20.1325,20.2792,20.1109,167.10K,0.22%
30/09/2022,20.14,20.1695,20.201,20.049,148.12K,-0.10%
03/10/2022,20.02,20.1475,20.1674,19.952,150.46K,-0.60%
04/10/2022,19.958,20.03,20.0504,19.9475,145.96K,-0.31%
05/10/2022,20.052,19.9665,20.157,19.9429,137.94K,0.47%
06/10/2022,20.105,20.0685,20.1595,20.0163,145.31K,0.26%
07/10/2022,20.02,20.123,20.1475,19.988,138.56K,-0.42%
10/10/2022,19.9551,20.0465,20.0618,19.9395,132.87K,-0.32%
11/10/2022,20.0786,19.9666,20.115,19.9325,138.00K,0.62%
12/10/2022,19.978,20.0846,20.1172,19.967,143.37K,-0.50%
13/10/2022,19.968,19.9955,20.1605,19.9485,136.09K,-0.05%
14/10/2022,20.071,19.983,20.1069,19.965,143.41K,0.52%
17/10/2022,19.98,20.061,20.0655,19.9692,108.37K,-0.45%
18/10/2022,20.027,19.9975,20.069,19.958,122.19K,0.24%
19/10/2022,20.1,20.032,20.1775,20.0114,125.06K,0.36%
20/10/2022,20.027,20.1095,20.1618,20.0205,125.47K,-0.36%
21/10/2022,19.909,20.038,20.14,19.8845,136.77K,-0.59%
24/10/2022,19.922,19.9165,20.0085,19.8979,135.85K,0.07%
25/10/2022,19.865,19.9375,19.9478,19.8495,103.11K,-0.29%
26/10/2022,19.926,19.882,19.9835,19.8105,115.79K,0.31%
27/10/2022,19.825,19.941,20.0392,19.8095,116.53K,-0.51%
28/10/2022,19.786,19.8338,19.8955,19.7805,118.47K,-0.20%
31/10/2022,19.794,19.8225,19.92,19.7915,91.95K,0.04%
01/11/2022,19.74,19.811,19.8445,19.6785,102.72K,-0.27%
02/11/2022,19.65,19.749,19.7695,19.5045,108.67K,-0.46%
03/11/2022,19.635,19.675,19.7813,19.629,113.69K,-0.08%
04/11/2022,19.501,19.6475,19.6773,19.4585,118.54K,-0.68%
07/11/2022,19.441,19.531,19.5783,19.4295,111.48K,-0.31%
08/11/2022,19.513,19.4545,19.575,19.4324,105.96K,0.37%
09/11/2022,19.567,19.5265,19.6365,19.5077,116.48K,0.28%
10/11/2022,19.31,19.5785,19.6021,19.3117,122.92K,-1.31%
11/11/2022,19.495,19.3169,19.595,19.2638,121.11K,0.96%
14/11/2022,19.339,19.535,19.5748,19.3169,114.10K,-0.80%
15/11/2022,19.354,19.354,19.4745,19.2435,127.30K,0.08%
16/11/2022,19.338,19.3635,19.4053,19.282,109.95K,-0.08%
17/11/2022,19.407,19.3485,19.4775,19.3104,104.80K,0.36%
18/11/2022,19.435,19.4235,19.5385,19.3818,98.10K,0.14%
21/11/2022,19.538,19.4545,19.5935,19.4133,91.93K,0.53%
22/11/2022,19.419,19.546,19.5735,19.4132,88.53K,-0.61%
23/11/2022,19.354,19.435,19.4546,19.329,79.61K,-0.33%
24/11/2022,19.367,19.3665,19.4,19.3391,67.75K,0.07%
25/11/2022,19.33,19.3835,19.4245,19.3045,75.80K,-0.19%
28/11/2022,19.295,19.3193,19.37,19.2915,90.67K,-0.18%
29/11/2022,19.216,19.308,19.3249,19.0403,103.01K,-0.41%
30/11/2022,19.251,19.233,19.4635,19.1938,107.72K,0.18%
01/12/2022,19.123,19.268,19.3485,19.115,114.31K,-0.66%
02/12/2022,19.374,19.131,19.4465,19.1075,111.63K,1.31%
05/12/2022,19.726,19.404,19.866,19.3478,104.95K,1.82%
06/12/2022,19.746,19.737,19.865,19.6276,105.31K,0.10%
07/12/2022,19.657,19.758,19.8339,19.626,105.02K,-0.45%
08/12/2022,19.6126,19.667,19.745,19.607,99.46K,-0.23%
09/12/2022,19.763,19.6248,19.8425,19.6131,103.00K,0.77%
12/12/2022,19.844,19.763,19.9191,19.7307,82.85K,0.41%
13/12/2022,19.51,19.8565,19.8848,19.516,106.46K,-1.68%
14/12/2022,19.604,19.528,19.765,19.5152,114.15K,0.48%
15/12/2022,19.748,19.619,19.859,19.6115,107.01K,0.73%
16/12/2022,19.77,19.759,19.8855,19.7396,102.78K,0.11%
19/12/2022,19.792,19.783,19.8415,19.7089,90.96K,0.11%
20/12/2022,19.743,19.797,19.9025,19.6772,103.97K,-0.25%
21/12/2022,19.6646,19.7691,19.7957,19.6336,91.29K,-0.40%
